date,day_of_week,day_name,is_weekend,month,quarter,temperature,humidity,precipitation,sunshine_hours,wind_speed,weather_condition,event_name,event_type,event_impact_factor,season_factor,weekend_factor,temperature_factor,rain_factor,sunshine_factor,combined_demand_multiplier
2023-01-01,6,Sunday,1,1,1,13.7,54.0,0.0,1.4,7.0,Overcast,New Year,holiday,1.35,0.703,1.35,1.0,1.0,0.955,1.223
2023-01-02,0,Monday,0,1,1,13.2,71.0,28.0,2.1,26.4,Rainy,,,1.0,0.702,1.0,1.0,0.78,0.961,0.526
2023-01-03,1,Tuesday,0,1,1,10.5,50.0,2.9,0.0,9.1,Cloudy,,,1.0,0.701,1.0,0.9,1.0,0.944,0.596
2023-01-04,2,Wednesday,0,1,1,15.1,45.0,3.7,1.8,12.3,Cloudy,,,1.0,0.701,1.0,1.0,1.0,0.958,0.672
2023-01-05,3,Thursday,0,1,1,10.4,61.0,0.0,2.3,16.2,Overcast,,,1.0,0.701,1.0,0.9,1.0,0.962,0.607
2023-01-06,4,Friday,0,1,1,12.7,49.0,9.2,2.3,12.0,Rainy,,,1.0,0.7,1.0,1.0,0.78,0.962,0.526
2023-01-07,5,Saturday,1,1,1,12.4,44.0,19.2,2.2,9.5,Rainy,,,1.0,0.7,1.35,1.0,0.78,0.962,0.709
2023-01-08,6,Sunday,1,1,1,8.8,83.0,27.9,2.5,22.9,Rainy,,,1.0,0.7,1.35,0.9,0.78,0.964,0.64
2023-01-09,0,Monday,0,1,1,14.7,57.0,1.7,1.5,10.9,Cloudy,,,1.0,0.7,1.0,1.0,1.0,0.956,0.669
2023-01-10,1,Tuesday,0,1,1,11.6,63.0,0.0,2.5,9.0,Overcast,,,1.0,0.7,1.0,0.9,1.0,0.964,0.607
2023-01-11,2,Wednesday,0,1,1,9.2,56.0,0.0,2.3,5.1,Overcast,,,1.0,0.7,1.0,0.9,1.0,0.962,0.607
2023-01-12,3,Thursday,0,1,1,14.5,61.0,0.0,4.6,22.7,Overcast,,,1.0,0.7,1.0,1.0,1.0,0.981,0.687
2023-01-13,4,Friday,0,1,1,12.1,49.0,15.9,0.5,5.8,Rainy,,,1.0,0.701,1.0,1.0,0.78,0.948,0.518
2023-01-14,5,Saturday,1,1,1,16.0,44.0,0.0,1.6,17.2,Overcast,Revolution Day,holiday,1.2,0.701,1.35,1.0,1.0,0.957,1.087
2023-01-15,6,Sunday,1,1,1,12.6,65.0,10.0,2.0,22.7,Rainy,,,1.0,0.702,1.35,1.0,0.78,0.96,0.709
2023-01-16,0,Monday,0,1,1,17.5,89.0,0.0,2.1,5.3,Overcast,,,1.0,0.702,1.0,1.0,1.0,0.961,0.675
2023-01-17,1,Tuesday,0,1,1,8.7,66.0,0.0,3.1,11.3,Overcast,,,1.0,0.703,1.0,0.9,1.0,0.969,0.613
2023-01-18,2,Wednesday,0,1,1,14.1,47.0,2.7,2.3,7.1,Cloudy,,,1.0,0.704,1.0,1.0,1.0,0.962,0.677
2023-01-19,3,Thursday,0,1,1,15.8,58.0,0.0,5.6,32.2,Partly Cloudy,,,1.0,0.705,1.0,1.0,1.0,0.989,0.697
2023-01-20,4,Friday,0,1,1,13.7,48.0,4.5,1.5,25.4,Cloudy,,,1.0,0.706,1.0,1.0,1.0,0.956,0.675
2023-01-21,5,Saturday,1,1,1,5.2,59.0,1.0,2.1,9.7,Cloudy,,,1.0,0.707,1.35,0.9,1.0,0.961,0.825
2023-01-22,6,Sunday,1,1,1,12.8,74.0,0.0,3.9,47.8,Overcast,,,1.0,0.708,1.35,1.0,1.0,0.975,0.932
2023-01-23,0,Monday,0,1,1,7.6,55.0,0.3,1.9,5.6,Cloudy,,,1.0,0.709,1.0,0.9,1.0,0.959,0.612
2023-01-24,1,Tuesday,0,1,1,20.8,60.0,1.3,1.7,13.1,Cloudy,,,1.0,0.71,1.0,1.0,1.0,0.958,0.68
2023-01-25,2,Wednesday,0,1,1,16.9,63.0,10.4,2.9,17.0,Rainy,,,1.0,0.712,1.0,1.0,0.78,0.967,0.537
2023-01-26,3,Thursday,0,1,1,9.4,47.0,0.0,3.9,9.6,Overcast,,,1.0,0.713,1.0,0.9,1.0,0.975,0.626
2023-01-27,4,Friday,0,1,1,18.8,64.0,5.7,2.4,7.3,Rainy,,,1.0,0.715,1.0,1.0,0.78,0.963,0.537
2023-01-28,5,Saturday,1,1,1,10.1,46.0,0.0,6.2,6.8,Partly Cloudy,,,1.0,0.716,1.35,0.9,1.0,0.994,0.865
2023-01-29,6,Sunday,1,1,1,11.5,52.0,0.0,3.4,17.9,Overcast,,,1.0,0.718,1.35,0.9,1.0,0.971,0.847
2023-01-30,0,Monday,0,1,1,15.6,58.0,0.0,5.9,8.3,Partly Cloudy,,,1.0,0.72,1.0,1.0,1.0,0.991,0.714
2023-01-31,1,Tuesday,0,1,1,14.8,64.0,3.4,2.4,31.2,Cloudy,,,1.0,0.722,1.0,1.0,1.0,0.963,0.695
2023-02-01,2,Wednesday,0,2,1,15.0,62.0,1.4,2.9,32.5,Cloudy,,,1.0,0.724,1.0,1.0,1.0,0.967,0.7
2023-02-02,3,Thursday,0,2,1,15.1,49.0,1.4,3.5,17.7,Cloudy,,,1.0,0.726,1.0,1.0,1.0,0.972,0.705
2023-02-03,4,Friday,0,2,1,15.7,63.0,3.1,1.4,21.5,Cloudy,,,1.0,0.728,1.0,1.0,1.0,0.955,0.695
2023-02-04,5,Saturday,1,2,1,17.3,60.0,0.0,2.9,10.5,Overcast,,,1.0,0.73,1.35,1.0,1.0,0.967,0.953
2023-02-05,6,Sunday,1,2,1,14.9,47.0,0.0,3.0,11.0,Overcast,,,1.0,0.732,1.35,1.0,1.0,0.968,0.957
2023-02-06,0,Monday,0,2,1,15.4,64.0,0.0,8.4,13.1,Partly Cloudy,,,1.0,0.735,1.0,1.0,1.0,1.011,0.743
2023-02-07,1,Tuesday,0,2,1,15.0,62.0,0.2,1.5,17.4,Cloudy,,,1.0,0.737,1.0,1.0,1.0,0.956,0.705
2023-02-08,2,Wednesday,0,2,1,14.4,64.0,0.0,3.1,27.9,Overcast,,,1.0,0.74,1.0,1.0,1.0,0.969,0.717
2023-02-09,3,Thursday,0,2,1,10.4,47.0,0.0,3.7,38.0,Overcast,,,1.0,0.742,1.0,0.9,1.0,0.974,0.65
2023-02-10,4,Friday,0,2,1,16.9,74.0,7.6,3.0,21.2,Rainy,,,1.0,0.745,1.0,1.0,0.78,0.968,0.563
2023-02-11,5,Saturday,1,2,1,15.3,67.0,0.0,6.1,9.2,Partly Cloudy,,,1.0,0.748,1.35,1.0,1.0,0.993,1.002
2023-02-12,6,Sunday,1,2,1,16.8,62.0,0.0,4.7,13.4,Overcast,,,1.0,0.751,1.35,1.0,1.0,0.982,0.995
2023-02-13,0,Monday,0,2,1,18.0,62.0,0.0,6.4,24.1,Partly Cloudy,,,1.0,0.754,1.0,1.0,1.0,0.995,0.75
2023-02-14,1,Tuesday,0,2,1,14.5,64.0,0.0,5.0,5.4,Overcast,Valentine's Day,event,1.45,0.757,1.0,1.0,1.0,0.984,1.079
2023-02-15,2,Wednesday,0,2,1,13.0,80.0,7.1,1.0,5.4,Rainy,,,1.0,0.76,1.0,1.0,0.78,0.952,0.564
2023-02-16,3,Thursday,0,2,1,13.0,54.0,0.0,3.8,16.7,Overcast,,,1.0,0.763,1.0,1.0,1.0,0.974,0.743
2023-02-17,4,Friday,0,2,1,17.9,81.0,0.0,7.7,20.5,Partly Cloudy,,,1.0,0.766,1.0,1.0,1.0,1.006,0.77
2023-02-18,5,Saturday,1,2,1,16.0,62.0,0.0,4.0,11.9,Overcast,,,1.0,0.769,1.35,1.0,1.0,0.976,1.013
2023-02-19,6,Sunday,1,2,1,18.6,50.0,1.4,3.8,8.5,Cloudy,,,1.0,0.773,1.35,1.0,1.0,0.974,1.016
2023-02-20,0,Monday,0,2,1,21.5,62.0,0.0,5.7,16.4,Partly Cloudy,,,1.0,0.776,1.0,1.0,1.0,0.99,0.768
2023-02-21,1,Tuesday,0,2,1,21.2,42.0,0.0,4.4,22.0,Overcast,,,1.0,0.779,1.0,1.0,1.0,0.979,0.763
2023-02-22,2,Wednesday,0,2,1,17.7,66.0,0.0,5.2,12.7,Partly Cloudy,,,1.0,0.783,1.0,1.0,1.0,0.986,0.772
2023-02-23,3,Thursday,0,2,1,13.7,55.0,0.0,3.4,16.5,Overcast,,,1.0,0.787,1.0,1.0,1.0,0.971,0.764
2023-02-24,4,Friday,0,2,1,15.3,59.0,0.0,5.4,28.3,Partly Cloudy,,,1.0,0.79,1.0,1.0,1.0,0.987,0.78
2023-02-25,5,Saturday,1,2,1,23.8,48.0,8.2,3.0,5.3,Rainy,,,1.0,0.794,1.35,1.0,0.78,0.968,0.809
2023-02-26,6,Sunday,1,2,1,18.9,60.0,0.0,7.8,12.4,Partly Cloudy,,,1.0,0.798,1.35,1.0,1.0,1.006,1.084
2023-02-27,0,Monday,0,2,1,13.3,65.0,0.0,5.6,44.0,Partly Cloudy,,,1.0,0.802,1.0,1.0,1.0,0.989,0.793
2023-02-28,1,Tuesday,0,2,1,15.7,61.0,0.0,4.7,6.5,Overcast,,,1.0,0.805,1.0,1.0,1.0,0.982,0.791
2023-03-01,2,Wednesday,0,3,1,19.8,68.0,0.0,7.8,20.9,Partly Cloudy,,,1.0,0.809,1.0,1.0,1.0,1.006,0.815
2023-03-02,3,Thursday,0,3,1,15.5,68.0,11.1,1.5,23.0,Rainy,,,1.0,0.813,1.0,1.0,0.78,0.956,0.607
2023-03-03,4,Friday,0,3,1,13.9,64.0,0.0,5.5,11.7,Partly Cloudy,,,1.0,0.817,1.0,1.0,1.0,0.988,0.808
2023-03-04,5,Saturday,1,3,1,20.2,67.0,18.6,3.9,9.6,Rainy,,,1.0,0.822,1.35,1.0,0.78,0.975,0.844
2023-03-05,6,Sunday,1,3,1,17.9,57.0,18.9,3.6,6.1,Rainy,,,1.0,0.826,1.35,1.0,0.78,0.973,0.846
2023-03-06,0,Monday,0,3,1,18.9,58.0,0.0,8.8,12.1,Partly Cloudy,,,1.0,0.83,1.0,1.0,1.0,1.014,0.842
2023-03-07,1,Tuesday,0,3,1,21.3,49.0,0.0,4.2,21.8,Overcast,,,1.0,0.834,1.0,1.0,1.0,0.978,0.816
2023-03-08,2,Wednesday,0,3,1,20.1,66.0,5.5,3.1,12.0,Rainy,,,1.0,0.839,1.0,1.0,0.78,0.969,0.634
2023-03-09,3,Thursday,0,3,1,16.3,57.0,1.2,3.7,22.2,Cloudy,,,1.0,0.843,1.0,1.0,1.0,0.974,0.821
2023-03-10,4,Friday,0,3,1,16.0,62.0,9.7,2.8,6.1,Rainy,,,1.0,0.847,1.0,1.0,0.78,0.966,0.639
2023-03-11,5,Saturday,1,3,1,19.3,72.0,0.0,5.6,56.2,Partly Cloudy,,,1.0,0.852,1.35,1.0,1.0,0.989,1.137
2023-03-12,6,Sunday,1,3,1,16.8,74.0,12.0,1.7,33.4,Rainy,,,1.0,0.856,1.35,1.0,0.78,0.958,0.864
2023-03-13,0,Monday,0,3,1,23.6,60.0,5.1,2.5,5.7,Rainy,,,1.0,0.861,1.0,1.0,0.78,0.964,0.647
2023-03-14,1,Tuesday,0,3,1,22.9,68.0,0.0,6.4,9.0,Partly Cloudy,,,1.0,0.866,1.0,1.0,1.0,0.995,0.861
2023-03-15,2,Wednesday,0,3,1,20.4,57.0,0.0,7.3,5.1,Partly Cloudy,,,1.0,0.87,1.0,1.0,1.0,1.002,0.872
2023-03-16,3,Thursday,0,3,1,19.5,71.0,0.0,6.8,46.8,Partly Cloudy,,,1.0,0.875,1.0,1.0,1.0,0.998,0.873
2023-03-17,4,Friday,0,3,1,17.1,84.0,0.0,7.3,12.3,Partly Cloudy,,,1.0,0.88,1.0,1.0,1.0,1.002,0.882
2023-03-18,5,Saturday,1,3,1,23.2,79.0,0.0,10.1,8.9,Sunny,,,1.0,0.884,1.35,1.0,1.0,1.025,1.223
2023-03-19,6,Sunday,1,3,1,17.3,60.0,0.0,4.8,15.5,Overcast,,,1.0,0.889,1.35,1.0,1.0,0.982,1.179
2023-03-20,0,Monday,0,3,1,14.1,65.0,0.0,5.6,34.0,Partly Cloudy,Independence Day,holiday,1.25,0.894,1.0,1.0,1.0,0.989,1.105
2023-03-21,1,Tuesday,0,3,1,21.5,69.0,0.0,9.2,37.4,Sunny,,,1.0,0.899,1.0,1.0,1.0,1.018,0.915
2023-03-22,2,Wednesday,0,3,1,19.9,59.0,0.0,4.5,47.0,Overcast,,,1.0,0.904,1.0,1.0,1.0,0.98,0.886
2023-03-23,3,Thursday,0,3,1,24.3,65.0,0.0,7.6,11.4,Partly Cloudy,,,1.0,0.909,1.0,1.0,1.0,1.005,0.913
2023-03-24,4,Friday,0,3,1,20.1,62.0,0.0,7.2,22.6,Partly Cloudy,,,1.0,0.913,1.0,1.0,1.0,1.002,0.915
2023-03-25,5,Saturday,1,3,1,20.7,59.0,24.6,2.4,16.2,Rainy,,,1.0,0.918,1.35,1.0,0.78,0.963,0.931
2023-03-26,6,Sunday,1,3,1,22.8,51.0,0.0,6.1,18.4,Partly Cloudy,,,1.0,0.923,1.35,1.0,1.0,0.993,1.238
2023-03-27,0,Monday,0,3,1,19.9,78.0,0.0,7.6,27.9,Partly Cloudy,,,1.0,0.928,1.0,1.0,1.0,1.005,0.933
2023-03-28,1,Tuesday,0,3,1,27.1,80.0,0.0,6.0,5.4,Partly Cloudy,,,1.0,0.933,1.0,1.0,1.0,0.992,0.926
2023-03-29,2,Wednesday,0,3,1,20.3,69.0,0.0,9.6,7.9,Sunny,,,1.0,0.938,1.0,1.0,1.0,1.021,0.958
2023-03-30,3,Thursday,0,3,1,24.4,46.0,0.0,8.9,10.1,Partly Cloudy,,,1.0,0.944,1.0,1.0,1.0,1.015,0.958
2023-03-31,4,Friday,0,3,1,21.0,78.0,0.0,7.8,16.7,Partly Cloudy,,,1.0,0.949,1.0,1.0,1.0,1.006,0.955
2023-04-01,5,Saturday,1,4,2,16.4,63.0,0.0,7.7,9.8,Partly Cloudy,,,1.0,0.954,1.35,1.0,1.0,1.006,1.295
2023-04-02,6,Sunday,1,4,2,22.9,51.0,1.1,4.4,6.6,Cloudy,,,1.0,0.959,1.35,1.0,1.0,0.979,1.267
2023-04-03,0,Monday,0,4,2,18.5,69.0,0.0,7.8,18.2,Partly Cloudy,,,1.0,0.964,1.0,1.0,1.0,1.006,0.97
2023-04-04,1,Tuesday,0,4,2,24.8,60.0,1.5,3.6,8.9,Cloudy,,,1.0,0.969,1.0,1.0,1.0,0.973,0.943
2023-04-05,2,Wednesday,0,4,2,21.7,54.0,0.0,8.1,19.1,Partly Cloudy,,,1.0,0.974,1.0,1.0,1.0,1.009,0.983
2023-04-06,3,Thursday,0,4,2,15.3,57.0,0.0,8.4,35.4,Partly Cloudy,,,1.0,0.979,1.0,1.0,1.0,1.011,0.99
2023-04-07,4,Friday,0,4,2,22.0,62.0,0.0,7.0,7.8,Partly Cloudy,,,1.0,0.985,1.0,1.0,1.0,1.0,0.985
2023-04-08,5,Saturday,1,4,2,24.2,62.0,0.0,4.8,10.5,Overcast,,,1.0,0.99,1.35,1.0,1.0,0.982,1.313
2023-04-09,6,Sunday,1,4,2,27.5,62.0,2.3,4.6,13.6,Cloudy,,,1.0,0.995,1.35,1.0,1.0,0.981,1.317
2023-04-10,0,Monday,0,4,2,23.6,55.0,0.0,8.5,14.1,Partly Cloudy,,,1.0,1.0,1.0,1.0,1.0,1.012,1.012
2023-04-11,1,Tuesday,0,4,2,20.4,56.0,0.0,7.4,6.5,Partly Cloudy,,,1.0,1.005,1.0,1.0,1.0,1.003,1.008
2023-04-12,2,Wednesday,0,4,2,19.7,68.0,0.0,9.8,23.7,Sunny,,,1.0,1.01,1.0,1.0,1.0,1.022,1.033
2023-04-13,3,Thursday,0,4,2,20.5,65.0,0.0,10.8,11.8,Sunny,,,1.0,1.015,1.0,1.0,1.0,1.03,1.046
2023-04-14,4,Friday,0,4,2,24.8,62.0,0.0,7.6,17.5,Partly Cloudy,,,1.0,1.021,1.0,1.0,1.0,1.005,1.026
2023-04-15,5,Saturday,1,4,2,17.6,75.0,0.0,6.6,6.3,Partly Cloudy,,,1.0,1.026,1.35,1.0,1.0,0.997,1.38
2023-04-16,6,Sunday,1,4,2,25.2,61.0,0.0,7.8,7.5,Partly Cloudy,,,1.0,1.031,1.35,1.0,1.0,1.006,1.401
2023-04-17,0,Monday,0,4,2,21.1,61.0,0.0,8.9,11.3,Partly Cloudy,,,1.0,1.036,1.0,1.0,1.0,1.015,1.052
2023-04-18,1,Tuesday,0,4,2,21.2,70.0,0.0,8.7,25.4,Partly Cloudy,,,1.0,1.041,1.0,1.0,1.0,1.014,1.055
2023-04-19,2,Wednesday,0,4,2,21.7,61.0,0.0,9.1,15.2,Sunny,,,1.0,1.046,1.0,1.0,1.0,1.017,1.064
2023-04-20,3,Thursday,0,4,2,26.2,76.0,0.0,7.8,9.7,Partly Cloudy,,,1.0,1.051,1.0,1.0,1.0,1.006,1.058
2023-04-21,4,Friday,0,4,2,24.9,39.0,0.0,9.4,9.1,Sunny,Eid al-Fitr,holiday,1.5,1.056,1.0,1.0,1.0,1.019,1.615
2023-04-22,5,Saturday,1,4,2,21.5,56.0,0.0,9.5,14.1,Sunny,,,1.0,1.062,1.35,1.0,1.0,1.02,1.462
2023-04-23,6,Sunday,1,4,2,23.9,63.0,0.0,10.7,8.5,Sunny,,,1.0,1.067,1.35,1.0,1.0,1.03,1.482
2023-04-24,0,Monday,0,4,2,22.7,78.0,0.0,10.4,12.7,Sunny,,,1.0,1.072,1.0,1.0,1.0,1.027,1.101
2023-04-25,1,Tuesday,0,4,2,19.2,57.0,0.0,9.8,38.4,Sunny,,,1.0,1.077,1.0,1.0,1.0,1.022,1.101
2023-04-26,2,Wednesday,0,4,2,22.8,73.0,0.0,11.7,6.8,Sunny,,,1.0,1.082,1.0,1.0,1.0,1.038,1.122
2023-04-27,3,Thursday,0,4,2,23.0,74.0,0.0,10.0,18.1,Sunny,,,1.0,1.087,1.0,1.0,1.0,1.024,1.113
2023-04-28,4,Friday,0,4,2,23.6,46.0,0.0,10.0,11.0,Sunny,,,1.0,1.091,1.0,1.0,1.0,1.024,1.118
2023-04-29,5,Saturday,1,4,2,24.2,81.0,0.0,6.7,21.5,Partly Cloudy,,,1.0,1.096,1.35,1.0,1.0,0.998,1.477
2023-04-30,6,Sunday,1,4,2,24.0,53.0,0.0,9.6,10.8,Sunny,,,1.0,1.101,1.35,1.0,1.0,1.021,1.518
2023-05-01,0,Monday,0,5,2,27.9,69.0,0.0,7.4,6.8,Partly Cloudy,Labour Day,holiday,1.15,1.106,1.0,1.0,1.0,1.003,1.276
2023-05-02,1,Tuesday,0,5,2,28.7,74.0,0.0,11.5,31.9,Sunny,,,1.0,1.111,1.0,1.15,1.0,1.036,1.324
2023-05-03,2,Wednesday,0,5,2,23.9,73.0,0.0,10.9,5.4,Sunny,,,1.0,1.116,1.0,1.0,1.0,1.031,1.151
2023-05-04,3,Thursday,0,5,2,22.9,84.0,0.0,10.4,10.0,Sunny,,,1.0,1.12,1.0,1.0,1.0,1.027,1.151
2023-05-05,4,Friday,0,5,2,29.5,65.0,0.0,10.9,20.3,Sunny,,,1.0,1.125,1.0,1.15,1.0,1.031,1.334
2023-05-06,5,Saturday,1,5,2,22.9,83.0,0.0,11.4,8.5,Sunny,,,1.0,1.13,1.35,1.0,1.0,1.035,1.579
2023-05-07,6,Sunday,1,5,2,22.6,64.0,0.0,7.2,12.4,Partly Cloudy,,,1.0,1.134,1.35,1.0,1.0,1.002,1.534
2023-05-08,0,Monday,0,5,2,30.4,71.0,0.0,13.9,5.2,Sunny,,,1.0,1.139,1.0,1.15,1.0,1.055,1.382
2023-05-09,1,Tuesday,0,5,2,31.3,76.0,0.0,8.8,15.3,Partly Cloudy,,,1.0,1.144,1.0,1.15,1.0,1.014,1.334
2023-05-10,2,Wednesday,0,5,2,27.5,57.0,0.0,12.9,37.7,Sunny,,,1.0,1.148,1.0,1.0,1.0,1.047,1.202
2023-05-11,3,Thursday,0,5,2,25.9,78.0,0.0,10.2,15.7,Sunny,,,1.0,1.153,1.0,1.0,1.0,1.026,1.182
2023-05-12,4,Friday,0,5,2,29.5,64.0,0.0,9.9,24.5,Sunny,,,1.0,1.157,1.0,1.15,1.0,1.023,1.361
2023-05-13,5,Saturday,1,5,2,28.9,47.0,0.0,8.2,21.1,Partly Cloudy,,,1.0,1.161,1.35,1.15,1.0,1.01,1.82
2023-05-14,6,Sunday,1,5,2,22.5,55.0,0.0,9.8,6.8,Sunny,,,1.0,1.166,1.35,1.0,1.0,1.022,1.609
2023-05-15,0,Monday,0,5,2,26.5,57.0,0.0,9.9,15.4,Sunny,,,1.0,1.17,1.0,1.0,1.0,1.023,1.197
2023-05-16,1,Tuesday,0,5,2,28.7,61.0,0.0,11.1,6.9,Sunny,,,1.0,1.174,1.0,1.15,1.0,1.033,1.395
2023-05-17,2,Wednesday,0,5,2,24.3,69.0,0.0,14.0,5.8,Sunny,,,1.0,1.178,1.0,1.0,1.0,1.056,1.244
2023-05-18,3,Thursday,0,5,2,26.9,63.0,0.0,11.4,7.8,Sunny,,,1.0,1.183,1.0,1.0,1.0,1.035,1.224
2023-05-19,4,Friday,0,5,2,34.5,60.0,0.0,10.0,13.9,Sunny,,,1.0,1.187,1.0,1.15,1.0,1.024,1.397
2023-05-20,5,Saturday,1,5,2,31.4,51.0,0.0,8.6,7.0,Partly Cloudy,,,1.0,1.191,1.35,1.15,1.0,1.013,1.872
2023-05-21,6,Sunday,1,5,2,27.8,69.0,0.0,8.4,17.4,Partly Cloudy,,,1.0,1.195,1.35,1.0,1.0,1.011,1.631
2023-05-22,0,Monday,0,5,2,24.7,68.0,0.0,10.4,20.1,Sunny,,,1.0,1.198,1.0,1.0,1.0,1.027,1.231
2023-05-23,1,Tuesday,0,5,2,26.8,72.0,0.0,11.6,5.2,Sunny,,,1.0,1.202,1.0,1.0,1.0,1.037,1.247
2023-05-24,2,Wednesday,0,5,2,23.7,73.0,0.0,10.4,17.7,Sunny,,,1.0,1.206,1.0,1.0,1.0,1.027,1.239
2023-05-25,3,Thursday,0,5,2,26.1,70.0,0.0,11.7,26.3,Sunny,,,1.0,1.21,1.0,1.0,1.0,1.038,1.255
2023-05-26,4,Friday,0,5,2,28.6,89.0,0.0,9.1,9.2,Sunny,,,1.0,1.213,1.0,1.15,1.0,1.017,1.419
2023-05-27,5,Saturday,1,5,2,22.3,90.0,0.0,9.9,8.6,Sunny,,,1.0,1.217,1.35,1.0,1.0,1.023,1.681
2023-05-28,6,Sunday,1,5,2,30.5,86.0,0.0,8.1,16.7,Partly Cloudy,,,1.0,1.221,1.35,1.15,1.0,1.009,1.912
2023-05-29,0,Monday,0,5,2,31.2,51.0,0.0,11.0,22.3,Sunny,,,1.0,1.224,1.0,1.15,1.0,1.032,1.453
2023-05-30,1,Tuesday,0,5,2,27.2,82.0,0.0,10.7,11.6,Sunny,,,1.0,1.227,1.0,1.0,1.0,1.03,1.264
2023-05-31,2,Wednesday,0,5,2,34.0,79.0,0.0,11.0,54.9,Sunny,,,1.0,1.231,1.0,1.15,1.0,1.032,1.461
2023-06-01,3,Thursday,0,6,2,27.0,60.0,0.0,10.9,5.2,Sunny,,,1.0,1.234,1.0,1.0,1.0,1.031,1.273
2023-06-02,4,Friday,0,6,2,22.7,78.0,0.0,12.3,7.8,Sunny,,,1.0,1.237,1.0,1.0,1.0,1.042,1.29
2023-06-03,5,Saturday,1,6,2,29.1,89.0,0.0,13.2,7.3,Sunny,,,1.0,1.24,1.35,1.15,1.0,1.05,2.021
2023-06-04,6,Sunday,1,6,2,27.2,81.0,0.0,9.9,7.2,Sunny,,,1.0,1.243,1.35,1.0,1.0,1.023,1.718
2023-06-05,0,Monday,0,6,2,27.8,70.0,0.0,11.2,8.4,Sunny,,,1.0,1.246,1.0,1.0,1.0,1.034,1.288
2023-06-06,1,Tuesday,0,6,2,23.2,65.0,0.0,9.4,15.0,Sunny,,,1.0,1.249,1.0,1.0,1.0,1.019,1.273
2023-06-07,2,Wednesday,0,6,2,31.0,94.0,0.0,10.4,20.8,Sunny,,,1.0,1.252,1.0,1.15,1.0,1.027,1.479
2023-06-08,3,Thursday,0,6,2,29.6,58.0,0.0,14.0,9.9,Sunny,,,1.0,1.255,1.0,1.15,1.0,1.056,1.524
2023-06-09,4,Friday,0,6,2,27.6,70.0,0.0,11.3,20.6,Sunny,,,1.0,1.258,1.0,1.0,1.0,1.034,1.301
2023-06-10,5,Saturday,1,6,2,33.8,73.0,0.0,12.0,24.3,Sunny,,,1.0,1.26,1.35,1.15,1.0,1.04,2.035
2023-06-11,6,Sunday,1,6,2,26.2,63.0,0.0,12.3,10.4,Sunny,,,1.0,1.263,1.35,1.0,1.0,1.042,1.777
2023-06-12,0,Monday,0,6,2,24.0,72.0,0.0,11.5,24.7,Sunny,,,1.0,1.265,1.0,1.0,1.0,1.036,1.311
2023-06-13,1,Tuesday,0,6,2,29.8,87.0,0.0,12.6,8.4,Sunny,,,1.0,1.268,1.0,1.15,1.0,1.045,1.523
2023-06-14,2,Wednesday,0,6,2,23.4,73.0,0.0,11.6,7.4,Sunny,,,1.0,1.27,1.0,1.0,1.0,1.037,1.317
2023-06-15,3,Thursday,0,6,2,28.6,82.0,0.0,11.2,19.3,Sunny,Carthage Festival Start,festival,1.4,1.272,1.0,1.15,1.0,1.034,2.117
2023-06-16,4,Friday,0,6,2,29.3,72.0,0.0,10.9,28.8,Sunny,,,1.0,1.274,1.0,1.15,1.0,1.031,1.511
2023-06-17,5,Saturday,1,6,2,30.0,70.0,0.0,12.3,5.5,Sunny,,,1.0,1.276,1.35,1.15,1.0,1.042,2.065
2023-06-18,6,Sunday,1,6,2,23.8,79.0,0.0,11.3,10.0,Sunny,,,1.0,1.278,1.35,1.0,1.0,1.034,1.785
2023-06-19,0,Monday,0,6,2,26.6,72.0,0.0,11.2,14.3,Sunny,,,1.0,1.28,1.0,1.0,1.0,1.034,1.323
2023-06-20,1,Tuesday,0,6,2,26.0,85.0,0.0,11.4,8.2,Sunny,,,1.0,1.282,1.0,1.0,1.0,1.035,1.327
2023-06-21,2,Wednesday,0,6,2,30.7,82.0,0.0,11.1,79.2,Sunny,,,1.0,1.284,1.0,1.15,1.0,1.033,1.525
2023-06-22,3,Thursday,0,6,2,31.7,68.0,0.0,14.0,29.8,Sunny,,,1.0,1.285,1.0,1.15,1.0,1.056,1.561
2023-06-23,4,Friday,0,6,2,26.9,58.0,0.0,8.4,8.3,Partly Cloudy,,,1.0,1.287,1.0,1.0,1.0,1.011,1.301
2023-06-24,5,Saturday,1,6,2,27.1,67.0,0.0,9.5,5.5,Sunny,,,1.0,1.288,1.35,1.0,1.0,1.02,1.774
2023-06-25,6,Sunday,1,6,2,25.7,55.0,0.0,9.2,8.0,Sunny,,,1.0,1.29,1.35,1.0,1.0,1.018,1.772
2023-06-26,0,Monday,0,6,2,27.5,66.0,0.0,10.9,16.4,Sunny,,,1.0,1.291,1.0,1.0,1.0,1.031,1.331
2023-06-27,1,Tuesday,0,6,2,30.0,86.0,0.0,13.4,8.1,Sunny,,,1.0,1.292,1.0,1.15,1.0,1.051,1.562
2023-06-28,2,Wednesday,0,6,2,26.4,69.0,0.0,10.0,5.7,Sunny,Eid al-Adha,holiday,1.55,1.293,1.0,1.0,1.0,1.024,2.053
2023-06-29,3,Thursday,0,6,2,31.5,71.0,0.0,9.2,19.3,Sunny,,,1.0,1.294,1.0,1.15,1.0,1.018,1.515
2023-06-30,4,Friday,0,6,2,28.9,71.0,0.0,11.2,15.8,Sunny,,,1.0,1.295,1.0,1.15,1.0,1.034,1.54
2023-07-01,5,Saturday,1,7,3,23.3,66.0,0.0,11.2,8.7,Sunny,,,1.0,1.296,1.35,1.0,1.0,1.034,1.809
2023-07-02,6,Sunday,1,7,3,29.5,86.0,0.0,10.7,10.6,Sunny,,,1.0,1.297,1.35,1.15,1.0,1.03,2.073
2023-07-03,0,Monday,0,7,3,25.4,84.0,0.0,9.5,6.0,Sunny,,,1.0,1.298,1.0,1.0,1.0,1.02,1.324
2023-07-04,1,Tuesday,0,7,3,29.9,64.0,0.0,10.9,12.9,Sunny,,,1.0,1.298,1.0,1.15,1.0,1.031,1.54
2023-07-05,2,Wednesday,0,7,3,31.3,87.0,0.0,11.4,18.6,Sunny,,,1.0,1.299,1.0,1.15,1.0,1.035,1.546
2023-07-06,3,Thursday,0,7,3,22.8,80.0,0.0,11.7,27.8,Sunny,,,1.0,1.299,1.0,1.0,1.0,1.038,1.348
2023-07-07,4,Friday,0,7,3,31.0,79.0,0.0,11.9,19.3,Sunny,,,1.0,1.3,1.0,1.15,1.0,1.039,1.553
2023-07-08,5,Saturday,1,7,3,30.7,90.0,0.0,10.6,9.9,Sunny,,,1.0,1.3,1.35,1.15,1.0,1.029,2.076
2023-07-09,6,Sunday,1,7,3,28.0,68.0,0.0,11.5,26.4,Sunny,,,1.0,1.3,1.35,1.0,1.0,1.036,1.818
2023-07-10,0,Monday,0,7,3,26.9,75.0,0.0,11.1,17.0,Sunny,,,1.0,1.3,1.0,1.0,1.0,1.033,1.343
2023-07-11,1,Tuesday,0,7,3,27.6,83.0,0.0,8.7,23.2,Partly Cloudy,,,1.0,1.3,1.0,1.0,1.0,1.014,1.318
2023-07-12,2,Wednesday,0,7,3,28.2,71.0,0.0,10.6,17.0,Sunny,,,1.0,1.3,1.0,1.15,1.0,1.029,1.538
2023-07-13,3,Thursday,0,7,3,28.2,77.0,0.0,11.3,9.3,Sunny,,,1.0,1.3,1.0,1.15,1.0,1.034,1.546
2023-07-14,4,Friday,0,7,3,26.3,77.0,0.0,12.5,5.6,Sunny,,,1.0,1.299,1.0,1.0,1.0,1.044,1.357
2023-07-15,5,Saturday,1,7,3,22.7,79.0,0.0,9.9,5.3,Sunny,,,1.0,1.299,1.35,1.0,1.0,1.023,1.794
2023-07-16,6,Sunday,1,7,3,26.8,55.0,0.0,9.8,8.8,Sunny,,,1.0,1.299,1.35,1.0,1.0,1.022,1.792
2023-07-17,0,Monday,0,7,3,32.8,63.0,0.0,10.3,19.2,Sunny,,,1.0,1.298,1.0,1.15,1.0,1.026,1.532
2023-07-18,1,Tuesday,0,7,3,30.5,88.0,0.0,11.5,11.5,Sunny,,,1.0,1.297,1.0,1.15,1.0,1.036,1.546
2023-07-19,2,Wednesday,0,7,3,26.7,63.0,0.0,13.0,54.6,Sunny,,,1.0,1.297,1.0,1.0,1.0,1.048,1.359
2023-07-20,3,Thursday,0,7,3,29.7,73.0,0.0,8.6,29.0,Partly Cloudy,Carthage Festival Peak,festival,1.5,1.296,1.0,1.15,1.0,1.013,2.264
2023-07-21,4,Friday,0,7,3,31.2,80.0,0.0,10.4,29.4,Sunny,,,1.0,1.295,1.0,1.15,1.0,1.027,1.53
2023-07-22,5,Saturday,1,7,3,29.0,82.0,0.0,11.4,6.7,Sunny,,,1.0,1.294,1.35,1.15,1.0,1.035,2.079
2023-07-23,6,Sunday,1,7,3,30.7,87.0,0.0,11.1,6.5,Sunny,,,1.0,1.293,1.35,1.15,1.0,1.033,2.073
2023-07-24,0,Monday,0,7,3,27.8,67.0,0.0,10.3,5.8,Sunny,,,1.0,1.292,1.0,1.0,1.0,1.026,1.326
2023-07-25,1,Tuesday,0,7,3,22.3,59.0,0.0,11.2,9.5,Sunny,Republic Day,holiday,1.3,1.29,1.0,1.0,1.0,1.034,1.734
2023-07-26,2,Wednesday,0,7,3,25.7,74.0,0.0,9.6,16.0,Sunny,,,1.0,1.289,1.0,1.0,1.0,1.021,1.316
2023-07-27,3,Thursday,0,7,3,19.2,85.0,0.0,8.6,23.2,Partly Cloudy,,,1.0,1.288,1.0,1.0,1.0,1.013,1.304
2023-07-28,4,Friday,0,7,3,26.3,69.0,0.0,10.2,16.6,Sunny,,,1.0,1.286,1.0,1.0,1.0,1.026,1.319
2023-07-29,5,Saturday,1,7,3,22.8,80.0,0.0,12.8,9.7,Sunny,,,1.0,1.285,1.35,1.0,1.0,1.046,1.815
2023-07-30,6,Sunday,1,7,3,23.6,75.0,0.0,8.6,15.1,Partly Cloudy,,,1.0,1.283,1.35,1.0,1.0,1.013,1.754
2023-07-31,0,Monday,0,7,3,25.3,84.0,0.0,11.0,7.2,Sunny,,,1.0,1.281,1.0,1.0,1.0,1.032,1.322
2023-08-01,1,Tuesday,0,8,3,26.8,66.0,0.0,10.1,19.8,Sunny,,,1.0,1.279,1.0,1.0,1.0,1.025,1.311
2023-08-02,2,Wednesday,0,8,3,24.0,78.0,0.0,11.0,10.0,Sunny,,,1.0,1.277,1.0,1.0,1.0,1.032,1.318
2023-08-03,3,Thursday,0,8,3,26.2,84.0,0.0,13.0,14.0,Sunny,,,1.0,1.275,1.0,1.0,1.0,1.048,1.336
2023-08-04,4,Friday,0,8,3,23.7,70.0,0.0,10.2,8.4,Sunny,,,1.0,1.273,1.0,1.0,1.0,1.026,1.306
2023-08-05,5,Saturday,1,8,3,22.5,69.0,0.0,9.8,14.7,Sunny,Sousse Festival,festival,1.35,1.271,1.35,1.0,1.0,1.022,2.368
2023-08-06,6,Sunday,1,8,3,32.0,65.0,0.0,10.9,49.2,Sunny,,,1.0,1.269,1.35,1.15,1.0,1.031,2.031
2023-08-07,0,Monday,0,8,3,22.1,80.0,0.0,9.3,29.3,Sunny,,,1.0,1.266,1.0,1.0,1.0,1.018,1.29
2023-08-08,1,Tuesday,0,8,3,20.3,83.0,0.0,11.0,10.1,Sunny,,,1.0,1.264,1.0,1.0,1.0,1.032,1.304
2023-08-09,2,Wednesday,0,8,3,20.6,94.0,0.0,11.2,32.7,Sunny,,,1.0,1.262,1.0,1.0,1.0,1.034,1.304
2023-08-10,3,Thursday,0,8,3,25.0,57.0,0.0,8.7,34.2,Partly Cloudy,,,1.0,1.259,1.0,1.0,1.0,1.014,1.276
2023-08-11,4,Friday,0,8,3,26.6,61.0,0.0,8.6,20.1,Partly Cloudy,,,1.0,1.256,1.0,1.0,1.0,1.013,1.272
2023-08-12,5,Saturday,1,8,3,26.1,77.0,0.0,9.0,8.4,Partly Cloudy,,,1.0,1.254,1.35,1.0,1.0,1.016,1.719
2023-08-13,6,Sunday,1,8,3,24.3,84.0,0.0,11.1,7.1,Sunny,Women's Day,holiday,1.2,1.251,1.35,1.0,1.0,1.033,2.093
2023-08-14,0,Monday,0,8,3,19.5,77.0,0.0,9.2,17.8,Sunny,,,1.0,1.248,1.0,1.0,1.0,1.018,1.27
2023-08-15,1,Tuesday,0,8,3,27.9,66.0,0.0,9.2,8.2,Sunny,,,1.0,1.245,1.0,1.0,1.0,1.018,1.267
2023-08-16,2,Wednesday,0,8,3,25.9,52.0,0.0,9.6,11.8,Sunny,,,1.0,1.242,1.0,1.0,1.0,1.021,1.268
2023-08-17,3,Thursday,0,8,3,26.3,59.0,0.0,8.7,5.4,Partly Cloudy,,,1.0,1.239,1.0,1.0,1.0,1.014,1.256
2023-08-18,4,Friday,0,8,3,23.2,81.0,0.0,11.0,27.3,Sunny,,,1.0,1.236,1.0,1.0,1.0,1.032,1.275
2023-08-19,5,Saturday,1,8,3,25.2,86.0,0.0,8.7,8.8,Partly Cloudy,,,1.0,1.232,1.35,1.0,1.0,1.014,1.686
2023-08-20,6,Sunday,1,8,3,23.4,73.0,0.0,8.0,5.5,Partly Cloudy,,,1.0,1.229,1.35,1.0,1.0,1.008,1.673
2023-08-21,0,Monday,0,8,3,23.5,62.0,0.0,9.1,5.5,Sunny,,,1.0,1.226,1.0,1.0,1.0,1.017,1.246
2023-08-22,1,Tuesday,0,8,3,17.8,74.0,0.0,9.6,12.3,Sunny,,,1.0,1.222,1.0,1.0,1.0,1.021,1.248
2023-08-23,2,Wednesday,0,8,3,17.3,95.0,0.0,10.5,7.7,Sunny,,,1.0,1.219,1.0,1.0,1.0,1.028,1.253
2023-08-24,3,Thursday,0,8,3,20.4,75.0,0.0,7.8,29.3,Partly Cloudy,,,1.0,1.215,1.0,1.0,1.0,1.006,1.223
2023-08-25,4,Friday,0,8,3,25.0,63.0,0.0,8.9,13.3,Partly Cloudy,,,1.0,1.212,1.0,1.0,1.0,1.015,1.23
2023-08-26,5,Saturday,1,8,3,24.4,82.0,0.0,9.1,5.4,Sunny,,,1.0,1.208,1.35,1.0,1.0,1.017,1.658
2023-08-27,6,Sunday,1,8,3,23.7,76.0,0.0,9.5,11.0,Sunny,,,1.0,1.204,1.35,1.0,1.0,1.02,1.658
2023-08-28,0,Monday,0,8,3,19.6,64.0,0.0,9.0,94.3,Partly Cloudy,,,1.0,1.2,1.0,1.0,1.0,1.016,1.22
2023-08-29,1,Tuesday,0,8,3,25.9,69.0,0.0,10.9,30.3,Sunny,,,1.0,1.197,1.0,1.0,1.0,1.031,1.234
2023-08-30,2,Wednesday,0,8,3,24.1,55.0,0.0,7.0,24.8,Partly Cloudy,,,1.0,1.193,1.0,1.0,1.0,1.0,1.193
2023-08-31,3,Thursday,0,8,3,24.8,78.0,0.0,8.1,14.4,Partly Cloudy,,,1.0,1.189,1.0,1.0,1.0,1.009,1.199
2023-09-01,4,Friday,0,9,3,22.9,58.0,0.0,5.8,10.9,Partly Cloudy,,,1.0,1.185,1.0,1.0,1.0,0.99,1.173
2023-09-02,5,Saturday,1,9,3,17.7,68.0,0.0,10.6,16.6,Sunny,,,1.0,1.18,1.35,1.0,1.0,1.029,1.64
2023-09-03,6,Sunday,1,9,3,25.3,48.0,0.0,7.1,13.8,Partly Cloudy,,,1.0,1.176,1.35,1.0,1.0,1.001,1.589
2023-09-04,0,Monday,0,9,3,20.7,71.0,0.0,6.0,15.4,Partly Cloudy,,,1.0,1.172,1.0,1.0,1.0,0.992,1.163
2023-09-05,1,Tuesday,0,9,3,17.0,94.0,0.0,9.1,25.1,Sunny,,,1.0,1.168,1.0,1.0,1.0,1.017,1.187
2023-09-06,2,Wednesday,0,9,3,21.1,74.0,0.0,6.8,13.0,Partly Cloudy,,,1.0,1.164,1.0,1.0,1.0,0.998,1.162
2023-09-07,3,Thursday,0,9,3,20.9,62.0,0.0,6.4,24.5,Partly Cloudy,,,1.0,1.159,1.0,1.0,1.0,0.995,1.154
2023-09-08,4,Friday,0,9,3,15.8,74.0,0.0,6.3,11.4,Partly Cloudy,,,1.0,1.155,1.0,1.0,1.0,0.994,1.148
2023-09-09,5,Saturday,1,9,3,24.3,69.0,0.0,7.5,7.4,Partly Cloudy,,,1.0,1.15,1.35,1.0,1.0,1.004,1.559
2023-09-10,6,Sunday,1,9,3,26.8,72.0,0.0,5.3,44.5,Partly Cloudy,,,1.0,1.146,1.35,1.0,1.0,0.986,1.526
2023-09-11,0,Monday,0,9,3,22.5,84.0,0.0,7.5,5.5,Partly Cloudy,,,1.0,1.141,1.0,1.0,1.0,1.004,1.146
2023-09-12,1,Tuesday,0,9,3,22.4,71.0,0.0,7.6,8.1,Partly Cloudy,,,1.0,1.137,1.0,1.0,1.0,1.005,1.142
2023-09-13,2,Wednesday,0,9,3,21.0,74.0,0.0,5.5,27.0,Partly Cloudy,,,1.0,1.132,1.0,1.0,1.0,0.988,1.119
2023-09-14,3,Thursday,0,9,3,19.9,77.0,0.0,6.3,25.8,Partly Cloudy,,,1.0,1.128,1.0,1.0,1.0,0.994,1.121
2023-09-15,4,Friday,0,9,3,23.3,87.0,0.0,6.1,16.7,Partly Cloudy,,,1.0,1.123,1.0,1.0,1.0,0.993,1.115
2023-09-16,5,Saturday,1,9,3,27.1,57.0,0.0,8.2,7.9,Partly Cloudy,,,1.0,1.118,1.35,1.0,1.0,1.01,1.524
2023-09-17,6,Sunday,1,9,3,21.6,81.0,0.0,9.6,8.2,Sunny,,,1.0,1.113,1.35,1.0,1.0,1.021,1.534
2023-09-18,0,Monday,0,9,3,24.6,52.0,0.0,5.9,11.7,Partly Cloudy,,,1.0,1.109,1.0,1.0,1.0,0.991,1.099
2023-09-19,1,Tuesday,0,9,3,25.0,78.0,0.0,8.7,6.6,Partly Cloudy,,,1.0,1.104,1.0,1.0,1.0,1.014,1.119
2023-09-20,2,Wednesday,0,9,3,20.8,63.0,0.0,6.4,6.1,Partly Cloudy,,,1.0,1.099,1.0,1.0,1.0,0.995,1.094
2023-09-21,3,Thursday,0,9,3,19.2,57.0,0.0,5.8,5.9,Partly Cloudy,,,1.0,1.094,1.0,1.0,1.0,0.99,1.083
2023-09-22,4,Friday,0,9,3,17.4,68.0,0.0,7.2,30.5,Partly Cloudy,,,1.0,1.089,1.0,1.0,1.0,1.002,1.091
2023-09-23,5,Saturday,1,9,3,14.9,72.0,0.0,9.9,9.9,Sunny,,,1.0,1.084,1.35,1.0,1.0,1.023,1.497
2023-09-24,6,Sunday,1,9,3,21.5,87.0,0.0,5.6,14.9,Partly Cloudy,,,1.0,1.079,1.35,1.0,1.0,0.989,1.44
2023-09-25,0,Monday,0,9,3,19.1,58.0,0.0,7.6,6.2,Partly Cloudy,,,1.0,1.074,1.0,1.0,1.0,1.005,1.079
2023-09-26,1,Tuesday,0,9,3,23.9,64.0,0.0,8.2,36.4,Partly Cloudy,,,1.0,1.069,1.0,1.0,1.0,1.01,1.079
2023-09-27,2,Wednesday,0,9,3,20.8,62.0,0.0,4.4,63.7,Overcast,,,1.0,1.064,1.0,1.0,1.0,0.979,1.042
2023-09-28,3,Thursday,0,9,3,19.1,75.0,0.0,9.9,6.1,Sunny,,,1.0,1.059,1.0,1.0,1.0,1.023,1.084
2023-09-29,4,Friday,0,9,3,19.9,62.0,0.0,6.9,23.3,Partly Cloudy,,,1.0,1.054,1.0,1.0,1.0,0.999,1.053
2023-09-30,5,Saturday,1,9,3,15.4,58.0,0.0,3.5,11.1,Overcast,,,1.0,1.049,1.35,1.0,1.0,0.972,1.376
2023-10-01,6,Sunday,1,10,4,20.0,88.0,0.0,4.5,35.2,Overcast,,,1.0,1.044,1.35,1.0,1.0,0.98,1.381
2023-10-02,0,Monday,0,10,4,19.0,66.0,0.0,6.3,10.7,Partly Cloudy,,,1.0,1.039,1.0,1.0,1.0,0.994,1.033
2023-10-03,1,Tuesday,0,10,4,17.9,72.0,0.0,7.0,6.0,Partly Cloudy,,,1.0,1.033,1.0,1.0,1.0,1.0,1.033
2023-10-04,2,Wednesday,0,10,4,14.5,62.0,0.0,6.1,17.3,Partly Cloudy,,,1.0,1.028,1.0,1.0,1.0,0.993,1.021
2023-10-05,3,Thursday,0,10,4,17.9,64.0,0.0,6.2,35.7,Partly Cloudy,,,1.0,1.023,1.0,1.0,1.0,0.994,1.017
2023-10-06,4,Friday,0,10,4,25.2,63.0,0.0,5.9,11.1,Partly Cloudy,,,1.0,1.018,1.0,1.0,1.0,0.991,1.009
2023-10-07,5,Saturday,1,10,4,13.7,62.0,0.2,2.2,6.7,Cloudy,,,1.0,1.013,1.35,1.0,1.0,0.962,1.315
2023-10-08,6,Sunday,1,10,4,17.7,71.0,0.0,3.0,13.5,Overcast,,,1.0,1.008,1.35,1.0,1.0,0.968,1.317
2023-10-09,0,Monday,0,10,4,15.4,56.0,0.0,5.5,7.9,Partly Cloudy,,,1.0,1.003,1.0,1.0,1.0,0.988,0.991
2023-10-10,1,Tuesday,0,10,4,21.8,77.0,0.0,4.6,68.3,Overcast,,,1.0,0.997,1.0,1.0,1.0,0.981,0.978
2023-10-11,2,Wednesday,0,10,4,16.9,66.0,0.0,5.0,8.3,Overcast,,,1.0,0.992,1.0,1.0,1.0,0.984,0.976
2023-10-12,3,Thursday,0,10,4,15.1,62.0,0.0,5.5,73.6,Partly Cloudy,,,1.0,0.987,1.0,1.0,1.0,0.988,0.975
2023-10-13,4,Friday,0,10,4,14.7,69.0,0.0,7.2,16.7,Partly Cloudy,,,1.0,0.982,1.0,1.0,1.0,1.002,0.984
2023-10-14,5,Saturday,1,10,4,9.1,74.0,17.4,1.7,10.5,Rainy,,,1.0,0.977,1.35,0.9,0.78,0.958,0.886
2023-10-15,6,Sunday,1,10,4,15.9,76.0,0.0,4.8,22.6,Overcast,Evacuation Day,holiday,1.15,0.972,1.35,1.0,1.0,0.982,1.482
2023-10-16,0,Monday,0,10,4,16.4,62.0,0.0,4.4,14.2,Overcast,,,1.0,0.967,1.0,1.0,1.0,0.979,0.946
2023-10-17,1,Tuesday,0,10,4,17.5,54.0,0.0,5.1,12.3,Partly Cloudy,,,1.0,0.961,1.0,1.0,1.0,0.985,0.947
2023-10-18,2,Wednesday,0,10,4,12.7,63.0,0.0,4.9,10.7,Overcast,,,1.0,0.956,1.0,1.0,1.0,0.983,0.94
2023-10-19,3,Thursday,0,10,4,21.2,55.0,0.0,1.6,31.7,Overcast,,,1.0,0.951,1.0,1.0,1.0,0.957,0.91
2023-10-20,4,Friday,0,10,4,19.4,52.0,0.0,6.0,5.5,Partly Cloudy,,,1.0,0.946,1.0,1.0,1.0,0.992,0.939
2023-10-21,5,Saturday,1,10,4,14.4,62.0,0.0,6.3,17.9,Partly Cloudy,,,1.0,0.941,1.35,1.0,1.0,0.994,1.263
2023-10-22,6,Sunday,1,10,4,16.6,71.0,0.0,4.9,7.0,Overcast,,,1.0,0.936,1.35,1.0,1.0,0.983,1.242
2023-10-23,0,Monday,0,10,4,13.4,64.0,0.0,7.4,5.5,Partly Cloudy,,,1.0,0.931,1.0,1.0,1.0,1.003,0.934
2023-10-24,1,Tuesday,0,10,4,16.2,58.0,0.6,1.8,9.2,Cloudy,,,1.0,0.926,1.0,1.0,1.0,0.958,0.887
2023-10-25,2,Wednesday,0,10,4,19.3,74.0,0.0,3.7,7.5,Overcast,,,1.0,0.921,1.0,1.0,1.0,0.974,0.897
2023-10-26,3,Thursday,0,10,4,18.9,69.0,0.0,5.6,10.8,Partly Cloudy,,,1.0,0.916,1.0,1.0,1.0,0.989,0.906
2023-10-27,4,Friday,0,10,4,19.1,59.0,0.0,4.2,22.9,Overcast,,,1.0,0.911,1.0,1.0,1.0,0.978,0.891
2023-10-28,5,Saturday,1,10,4,16.4,84.0,27.7,1.8,51.9,Rainy,,,1.0,0.906,1.35,1.0,0.78,0.958,0.914
2023-10-29,6,Sunday,1,10,4,17.8,76.0,0.0,7.2,25.0,Partly Cloudy,,,1.0,0.901,1.35,1.0,1.0,1.002,1.219
2023-10-30,0,Monday,0,10,4,12.3,65.0,0.0,2.9,11.9,Overcast,,,1.0,0.896,1.0,1.0,1.0,0.967,0.867
2023-10-31,1,Tuesday,0,10,4,8.9,67.0,0.0,4.6,6.6,Overcast,,,1.0,0.891,1.0,0.9,1.0,0.981,0.787
2023-11-01,2,Wednesday,0,11,4,15.3,60.0,0.0,5.6,28.7,Partly Cloudy,,,1.0,0.887,1.0,1.0,1.0,0.989,0.877
2023-11-02,3,Thursday,0,11,4,12.8,69.0,0.0,3.1,27.1,Overcast,,,1.0,0.882,1.0,1.0,1.0,0.969,0.854
2023-11-03,4,Friday,0,11,4,17.1,68.0,0.0,4.5,55.1,Overcast,,,1.0,0.877,1.0,1.0,1.0,0.98,0.86
2023-11-04,5,Saturday,1,11,4,10.5,60.0,0.0,4.0,25.4,Overcast,,,1.0,0.872,1.35,0.9,1.0,0.976,1.035
2023-11-05,6,Sunday,1,11,4,14.4,46.0,0.0,4.6,15.7,Overcast,,,1.0,0.868,1.35,1.0,1.0,0.981,1.149
2023-11-06,0,Monday,0,11,4,19.3,41.0,0.0,4.2,19.0,Overcast,,,1.0,0.863,1.0,1.0,1.0,0.978,0.844
2023-11-07,1,Tuesday,0,11,4,15.1,69.0,0.0,3.8,5.1,Overcast,,,1.0,0.859,1.0,1.0,1.0,0.974,0.837
2023-11-08,2,Wednesday,0,11,4,10.3,68.0,0.0,2.6,6.3,Overcast,,,1.0,0.854,1.0,0.9,1.0,0.965,0.742
2023-11-09,3,Thursday,0,11,4,17.8,56.0,6.5,2.5,7.5,Rainy,,,1.0,0.85,1.0,1.0,0.78,0.964,0.639
2023-11-10,4,Friday,0,11,4,18.1,72.0,0.0,3.0,5.1,Overcast,,,1.0,0.845,1.0,1.0,1.0,0.968,0.818
2023-11-11,5,Saturday,1,11,4,11.4,66.0,0.0,1.7,6.9,Overcast,,,1.0,0.841,1.35,0.9,1.0,0.958,0.978
2023-11-12,6,Sunday,1,11,4,10.3,67.0,0.0,3.3,10.5,Overcast,,,1.0,0.836,1.35,0.9,1.0,0.97,0.986
2023-11-13,0,Monday,0,11,4,18.7,55.0,0.0,1.2,11.4,Overcast,,,1.0,0.832,1.0,1.0,1.0,0.954,0.794
2023-11-14,1,Tuesday,0,11,4,17.8,44.0,0.0,5.6,6.2,Partly Cloudy,,,1.0,0.828,1.0,1.0,1.0,0.989,0.819
2023-11-15,2,Wednesday,0,11,4,11.7,85.0,0.0,3.9,14.9,Overcast,,,1.0,0.824,1.0,0.9,1.0,0.975,0.723
2023-11-16,3,Thursday,0,11,4,11.2,80.0,0.0,5.5,24.6,Partly Cloudy,,,1.0,0.82,1.0,0.9,1.0,0.988,0.729
2023-11-17,4,Friday,0,11,4,15.6,53.0,0.0,5.3,19.8,Partly Cloudy,,,1.0,0.815,1.0,1.0,1.0,0.986,0.804
2023-11-18,5,Saturday,1,11,4,11.2,60.0,0.0,5.8,6.9,Partly Cloudy,,,1.0,0.811,1.35,0.9,1.0,0.99,0.976
2023-11-19,6,Sunday,1,11,4,10.9,40.0,2.0,2.9,81.9,Cloudy,,,1.0,0.807,1.35,0.9,1.0,0.967,0.949
2023-11-20,0,Monday,0,11,4,14.9,60.0,0.0,4.4,17.1,Overcast,,,1.0,0.803,1.0,1.0,1.0,0.979,0.787
2023-11-21,1,Tuesday,0,11,4,11.9,61.0,0.0,2.9,15.2,Overcast,,,1.0,0.8,1.0,0.9,1.0,0.967,0.696
2023-11-22,2,Wednesday,0,11,4,16.2,46.0,0.0,4.0,9.9,Overcast,,,1.0,0.796,1.0,1.0,1.0,0.976,0.777
2023-11-23,3,Thursday,0,11,4,11.2,66.0,0.0,3.9,8.6,Overcast,,,1.0,0.792,1.0,0.9,1.0,0.975,0.695
2023-11-24,4,Friday,0,11,4,12.3,68.0,0.0,3.1,7.5,Overcast,,,1.0,0.788,1.0,1.0,1.0,0.969,0.764
2023-11-25,5,Saturday,1,11,4,12.1,72.0,0.0,3.3,11.9,Overcast,,,1.0,0.785,1.35,1.0,1.0,0.97,1.028
2023-11-26,6,Sunday,1,11,4,18.0,67.0,7.5,2.2,6.7,Rainy,,,1.0,0.781,1.35,1.0,0.78,0.962,0.791
2023-11-27,0,Monday,0,11,4,14.9,70.0,0.0,1.8,8.4,Overcast,,,1.0,0.778,1.0,1.0,1.0,0.958,0.745
2023-11-28,1,Tuesday,0,11,4,9.9,55.0,11.4,1.9,12.2,Rainy,,,1.0,0.774,1.0,0.9,0.78,0.959,0.521
2023-11-29,2,Wednesday,0,11,4,10.9,57.0,19.0,1.7,11.4,Rainy,,,1.0,0.771,1.0,0.9,0.78,0.958,0.518
2023-11-30,3,Thursday,0,11,4,9.1,65.0,8.7,1.4,44.7,Rainy,,,1.0,0.768,1.0,0.9,0.78,0.955,0.515
2023-12-01,4,Friday,0,12,4,14.5,58.0,4.3,2.3,52.7,Cloudy,,,1.0,0.764,1.0,1.0,1.0,0.962,0.736
2023-12-02,5,Saturday,1,12,4,9.6,65.0,6.7,0.7,12.5,Rainy,,,1.0,0.761,1.35,0.9,0.78,0.95,0.685
2023-12-03,6,Sunday,1,12,4,12.6,60.0,0.0,2.1,27.8,Overcast,,,1.0,0.758,1.35,1.0,1.0,0.961,0.983
2023-12-04,0,Monday,0,12,4,9.9,67.0,15.7,3.6,20.4,Rainy,,,1.0,0.755,1.0,0.9,0.78,0.973,0.516
2023-12-05,1,Tuesday,0,12,4,12.8,53.0,0.0,3.0,13.0,Overcast,,,1.0,0.752,1.0,1.0,1.0,0.968,0.728
2023-12-06,2,Wednesday,0,12,4,9.7,61.0,0.0,4.5,11.4,Overcast,,,1.0,0.749,1.0,0.9,1.0,0.98,0.661
2023-12-07,3,Thursday,0,12,4,14.0,77.0,5.7,1.4,5.6,Rainy,,,1.0,0.746,1.0,1.0,0.78,0.955,0.556
2023-12-08,4,Friday,0,12,4,16.3,50.0,1.4,2.0,9.8,Cloudy,,,1.0,0.744,1.0,1.0,1.0,0.96,0.714
2023-12-09,5,Saturday,1,12,4,12.5,73.0,16.8,1.3,55.4,Rainy,,,1.0,0.741,1.35,1.0,0.78,0.954,0.745
2023-12-10,6,Sunday,1,12,4,7.4,56.0,0.0,2.0,14.3,Overcast,,,1.0,0.738,1.35,0.9,1.0,0.96,0.861
2023-12-11,0,Monday,0,12,4,9.2,56.0,0.0,2.4,22.9,Overcast,,,1.0,0.736,1.0,0.9,1.0,0.963,0.638
2023-12-12,1,Tuesday,0,12,4,15.5,38.0,0.0,3.3,15.3,Overcast,,,1.0,0.734,1.0,1.0,1.0,0.97,0.712
2023-12-13,2,Wednesday,0,12,4,15.6,61.0,0.0,3.1,7.1,Overcast,,,1.0,0.731,1.0,1.0,1.0,0.969,0.708
2023-12-14,3,Thursday,0,12,4,14.6,66.0,15.6,2.0,33.4,Rainy,,,1.0,0.729,1.0,1.0,0.78,0.96,0.546
2023-12-15,4,Friday,0,12,4,11.0,52.0,18.0,0.8,12.0,Rainy,,,1.0,0.727,1.0,0.9,0.78,0.95,0.485
2023-12-16,5,Saturday,1,12,4,13.3,48.0,0.0,3.3,24.5,Overcast,,,1.0,0.725,1.35,1.0,1.0,0.97,0.949
2023-12-17,6,Sunday,1,12,4,13.6,56.0,0.0,1.4,30.6,Overcast,,,1.0,0.723,1.35,1.0,1.0,0.955,0.932
2023-12-18,0,Monday,0,12,4,13.3,44.0,6.6,1.3,14.0,Rainy,,,1.0,0.721,1.0,1.0,0.78,0.954,0.537
2023-12-19,1,Tuesday,0,12,4,13.7,59.0,10.5,1.8,25.5,Rainy,,,1.0,0.719,1.0,1.0,0.78,0.958,0.537
2023-12-20,2,Wednesday,0,12,4,11.1,74.0,5.1,1.8,25.7,Rainy,,,1.0,0.717,1.0,0.9,0.78,0.958,0.483
2023-12-21,3,Thursday,0,12,4,5.6,49.0,0.0,2.3,7.3,Overcast,,,1.0,0.715,1.0,0.9,1.0,0.962,0.62
2023-12-22,4,Friday,0,12,4,15.0,64.0,2.2,1.9,6.8,Cloudy,,,1.0,0.714,1.0,1.0,1.0,0.959,0.685
2023-12-23,5,Saturday,1,12,4,10.0,35.0,0.0,4.8,10.2,Overcast,,,1.0,0.712,1.35,0.9,1.0,0.982,0.85
2023-12-24,6,Sunday,1,12,4,16.6,54.0,0.0,4.8,17.1,Overcast,Christmas Eve,event,1.4,0.711,1.35,1.0,1.0,0.982,1.32
2023-12-25,0,Monday,0,12,4,13.1,47.0,9.3,1.2,26.8,Rainy,,,1.0,0.71,1.0,1.0,0.78,0.954,0.528
2023-12-26,1,Tuesday,0,12,4,13.6,64.0,0.0,1.0,13.6,Overcast,,,1.0,0.708,1.0,1.0,1.0,0.952,0.674
2023-12-27,2,Wednesday,0,12,4,9.1,48.0,2.9,1.9,29.6,Cloudy,,,1.0,0.707,1.0,0.9,1.0,0.959,0.611
2023-12-28,3,Thursday,0,12,4,12.6,62.0,0.0,4.0,8.6,Overcast,,,1.0,0.706,1.0,1.0,1.0,0.976,0.689
2023-12-29,4,Friday,0,12,4,12.9,62.0,0.0,2.9,12.4,Overcast,,,1.0,0.705,1.0,1.0,1.0,0.967,0.682
2023-12-30,5,Saturday,1,12,4,9.2,57.0,0.0,4.7,50.2,Overcast,,,1.0,0.704,1.35,0.9,1.0,0.982,0.84
2023-12-31,6,Sunday,1,12,4,11.6,46.0,10.8,1.4,28.5,Rainy,New Year Eve,event,1.65,0.703,1.35,0.9,0.78,0.955,1.051
2024-01-01,0,Monday,0,1,1,13.4,60.0,0.0,2.7,24.6,Overcast,New Year,holiday,1.35,0.703,1.0,1.0,1.0,0.966,0.916
2024-01-02,1,Tuesday,0,1,1,9.4,66.0,0.0,4.1,6.4,Overcast,,,1.0,0.702,1.0,0.9,1.0,0.977,0.617
2024-01-03,2,Wednesday,0,1,1,11.1,59.0,2.2,2.9,5.1,Cloudy,,,1.0,0.701,1.0,0.9,1.0,0.967,0.611
2024-01-04,3,Thursday,0,1,1,6.6,52.0,0.0,1.6,21.3,Overcast,,,1.0,0.701,1.0,0.9,1.0,0.957,0.604
2024-01-05,4,Friday,0,1,1,9.1,59.0,0.0,4.5,31.7,Overcast,,,1.0,0.701,1.0,0.9,1.0,0.98,0.618
2024-01-06,5,Saturday,1,1,1,14.6,49.0,7.0,1.0,26.4,Rainy,,,1.0,0.7,1.35,1.0,0.78,0.952,0.702
2024-01-07,6,Sunday,1,1,1,12.5,46.0,19.2,1.8,18.3,Rainy,,,1.0,0.7,1.35,1.0,0.78,0.958,0.707
2024-01-08,0,Monday,0,1,1,14.4,82.0,0.0,2.2,22.8,Overcast,,,1.0,0.7,1.0,1.0,1.0,0.962,0.673
2024-01-09,1,Tuesday,0,1,1,7.0,64.0,0.0,3.6,16.2,Overcast,,,1.0,0.7,1.0,0.9,1.0,0.973,0.613
2024-01-10,2,Wednesday,0,1,1,16.2,72.0,0.0,3.4,6.3,Overcast,,,1.0,0.7,1.0,1.0,1.0,0.971,0.68
2024-01-11,3,Thursday,0,1,1,7.8,52.0,0.0,0.0,41.1,Overcast,,,1.0,0.7,1.0,0.9,1.0,0.944,0.595
2024-01-12,4,Friday,0,1,1,17.1,61.0,0.0,2.4,8.5,Overcast,,,1.0,0.7,1.0,1.0,1.0,0.963,0.675
2024-01-13,5,Saturday,1,1,1,13.3,51.0,1.2,0.0,8.9,Cloudy,,,1.0,0.701,1.35,1.0,1.0,0.944,0.893
2024-01-14,6,Sunday,1,1,1,8.5,54.0,0.0,2.0,13.7,Overcast,Revolution Day,holiday,1.2,0.701,1.35,0.9,1.0,0.96,0.981
2024-01-15,0,Monday,0,1,1,10.8,52.0,0.0,2.3,15.2,Overcast,,,1.0,0.702,1.0,0.9,1.0,0.962,0.608
2024-01-16,1,Tuesday,0,1,1,7.2,56.0,0.0,2.3,16.5,Overcast,,,1.0,0.702,1.0,0.9,1.0,0.962,0.608
2024-01-17,2,Wednesday,0,1,1,12.3,52.0,0.0,2.3,29.9,Overcast,,,1.0,0.703,1.0,1.0,1.0,0.962,0.677
2024-01-18,3,Thursday,0,1,1,18.7,55.0,0.0,2.9,11.0,Overcast,,,1.0,0.704,1.0,1.0,1.0,0.967,0.681
2024-01-19,4,Friday,0,1,1,11.1,37.0,0.0,1.2,20.0,Overcast,,,1.0,0.705,1.0,0.9,1.0,0.954,0.605
2024-01-20,5,Saturday,1,1,1,8.4,64.0,0.0,3.8,18.9,Overcast,,,1.0,0.706,1.35,0.9,1.0,0.974,0.835
2024-01-21,6,Sunday,1,1,1,11.4,53.0,0.0,2.3,10.5,Overcast,,,1.0,0.707,1.35,0.9,1.0,0.962,0.826
2024-01-22,0,Monday,0,1,1,12.6,45.0,0.0,4.4,18.3,Overcast,,,1.0,0.708,1.0,1.0,1.0,0.979,0.693
2024-01-23,1,Tuesday,0,1,1,12.8,44.0,0.0,5.8,5.1,Partly Cloudy,,,1.0,0.709,1.0,1.0,1.0,0.99,0.702
2024-01-24,2,Wednesday,0,1,1,15.6,58.0,0.0,4.3,6.5,Overcast,,,1.0,0.71,1.0,1.0,1.0,0.978,0.695
2024-01-25,3,Thursday,0,1,1,15.4,44.0,4.4,2.0,9.2,Cloudy,,,1.0,0.712,1.0,1.0,1.0,0.96,0.683
2024-01-26,4,Friday,0,1,1,21.6,51.0,1.1,0.4,20.7,Cloudy,,,1.0,0.713,1.0,1.0,1.0,0.947,0.675
2024-01-27,5,Saturday,1,1,1,15.9,65.0,0.0,4.5,11.7,Overcast,,,1.0,0.715,1.35,1.0,1.0,0.98,0.946
2024-01-28,6,Sunday,1,1,1,10.2,65.0,12.4,3.0,25.7,Rainy,,,1.0,0.716,1.35,0.9,0.78,0.968,0.657
2024-01-29,0,Monday,0,1,1,13.1,37.0,0.0,2.9,10.6,Overcast,,,1.0,0.718,1.0,1.0,1.0,0.967,0.694
2024-01-30,1,Tuesday,0,1,1,18.7,63.0,0.0,2.3,11.8,Overcast,,,1.0,0.72,1.0,1.0,1.0,0.962,0.693
2024-01-31,2,Wednesday,0,1,1,12.8,46.0,8.3,1.7,17.2,Rainy,,,1.0,0.722,1.0,1.0,0.78,0.958,0.539
2024-02-01,3,Thursday,0,2,1,12.4,54.0,0.0,5.7,16.2,Partly Cloudy,,,1.0,0.724,1.0,1.0,1.0,0.99,0.716
2024-02-02,4,Friday,0,2,1,10.7,44.0,0.0,3.2,12.3,Overcast,,,1.0,0.726,1.0,0.9,1.0,0.97,0.633
2024-02-03,5,Saturday,1,2,1,11.9,60.0,0.0,4.2,44.9,Overcast,,,1.0,0.728,1.35,0.9,1.0,0.978,0.865
2024-02-04,6,Sunday,1,2,1,13.0,52.0,3.9,2.0,7.1,Cloudy,,,1.0,0.73,1.35,1.0,1.0,0.96,0.946
2024-02-05,0,Monday,0,2,1,9.1,53.0,0.0,5.3,16.1,Partly Cloudy,,,1.0,0.732,1.0,0.9,1.0,0.986,0.65
2024-02-06,1,Tuesday,0,2,1,13.6,41.0,0.0,2.1,14.4,Overcast,,,1.0,0.735,1.0,1.0,1.0,0.961,0.706
2024-02-07,2,Wednesday,0,2,1,15.3,44.0,0.0,5.3,12.0,Partly Cloudy,,,1.0,0.737,1.0,1.0,1.0,0.986,0.727
2024-02-08,3,Thursday,0,2,1,16.3,46.0,0.5,1.5,10.0,Cloudy,,,1.0,0.74,1.0,1.0,1.0,0.956,0.707
2024-02-09,4,Friday,0,2,1,9.0,64.0,0.0,4.2,16.8,Overcast,,,1.0,0.742,1.0,0.9,1.0,0.978,0.653
2024-02-10,5,Saturday,1,2,1,11.7,31.0,0.0,4.1,30.5,Overcast,,,1.0,0.745,1.35,0.9,1.0,0.977,0.884
2024-02-11,6,Sunday,1,2,1,18.4,76.0,0.0,3.9,5.5,Overcast,,,1.0,0.748,1.35,1.0,1.0,0.975,0.985
2024-02-12,0,Monday,0,2,1,11.4,83.0,26.6,1.2,33.8,Rainy,,,1.0,0.751,1.0,0.9,0.78,0.954,0.503
2024-02-13,1,Tuesday,0,2,1,16.2,74.0,0.0,5.1,6.6,Partly Cloudy,,,1.0,0.754,1.0,1.0,1.0,0.985,0.742
2024-02-14,2,Wednesday,0,2,1,14.3,50.0,0.0,6.0,39.6,Partly Cloudy,Valentine's Day,event,1.45,0.757,1.0,1.0,1.0,0.992,1.088
2024-02-15,3,Thursday,0,2,1,15.2,45.0,0.0,6.5,15.7,Partly Cloudy,,,1.0,0.76,1.0,1.0,1.0,0.996,0.757
2024-02-16,4,Friday,0,2,1,15.5,43.0,11.5,1.8,10.9,Rainy,,,1.0,0.763,1.0,1.0,0.78,0.958,0.57
2024-02-17,5,Saturday,1,2,1,9.4,89.0,0.0,6.7,22.4,Partly Cloudy,,,1.0,0.766,1.35,0.9,1.0,0.998,0.928
2024-02-18,6,Sunday,1,2,1,14.9,63.0,0.9,2.5,28.1,Cloudy,,,1.0,0.769,1.35,1.0,1.0,0.964,1.001
2024-02-19,0,Monday,0,2,1,19.5,55.0,0.0,5.9,16.8,Partly Cloudy,,,1.0,0.773,1.0,1.0,1.0,0.991,0.766
2024-02-20,1,Tuesday,0,2,1,7.3,77.0,0.0,4.7,19.2,Overcast,,,1.0,0.776,1.0,0.9,1.0,0.982,0.685
2024-02-21,2,Wednesday,0,2,1,15.1,50.0,0.0,4.2,7.8,Overcast,,,1.0,0.779,1.0,1.0,1.0,0.978,0.762
2024-02-22,3,Thursday,0,2,1,19.0,52.0,10.7,3.2,26.6,Rainy,,,1.0,0.783,1.0,1.0,0.78,0.97,0.592
2024-02-23,4,Friday,0,2,1,14.6,62.0,0.0,6.3,22.4,Partly Cloudy,,,1.0,0.787,1.0,1.0,1.0,0.994,0.782
2024-02-24,5,Saturday,1,2,1,20.2,62.0,5.3,3.5,6.0,Rainy,,,1.0,0.79,1.35,1.0,0.78,0.972,0.809
2024-02-25,6,Sunday,1,2,1,11.9,42.0,3.4,2.8,40.4,Cloudy,,,1.0,0.794,1.35,0.9,1.0,0.966,0.932
2024-02-26,0,Monday,0,2,1,16.5,39.0,5.6,2.9,24.0,Rainy,,,1.0,0.798,1.0,1.0,0.78,0.967,0.602
2024-02-27,1,Tuesday,0,2,1,16.5,59.0,4.1,2.0,9.0,Cloudy,,,1.0,0.802,1.0,1.0,1.0,0.96,0.769
2024-02-28,2,Wednesday,0,2,1,14.9,67.0,0.0,5.3,12.8,Partly Cloudy,,,1.0,0.805,1.0,1.0,1.0,0.986,0.794
2024-02-29,3,Thursday,0,2,1,19.2,46.0,0.0,3.2,17.5,Overcast,,,1.0,0.809,1.0,1.0,1.0,0.97,0.785
2024-03-01,4,Friday,0,3,1,21.0,30.0,0.0,6.0,16.8,Partly Cloudy,,,1.0,0.813,1.0,1.0,1.0,0.992,0.807
2024-03-02,5,Saturday,1,3,1,18.2,54.0,10.0,3.2,14.6,Rainy,,,1.0,0.817,1.35,1.0,0.78,0.97,0.835
2024-03-03,6,Sunday,1,3,1,19.2,47.0,0.0,5.9,8.8,Partly Cloudy,,,1.0,0.822,1.35,1.0,1.0,0.991,1.099
2024-03-04,0,Monday,0,3,1,12.3,59.0,7.9,2.5,8.9,Rainy,,,1.0,0.826,1.0,1.0,0.78,0.964,0.621
2024-03-05,1,Tuesday,0,3,1,18.0,56.0,0.0,6.2,5.0,Partly Cloudy,,,1.0,0.83,1.0,1.0,1.0,0.994,0.825
2024-03-06,2,Wednesday,0,3,1,20.6,51.0,0.0,5.6,8.8,Partly Cloudy,,,1.0,0.834,1.0,1.0,1.0,0.989,0.825
2024-03-07,3,Thursday,0,3,1,15.9,55.0,0.0,7.4,31.7,Partly Cloudy,,,1.0,0.839,1.0,1.0,1.0,1.003,0.841
2024-03-08,4,Friday,0,3,1,20.9,58.0,0.0,6.1,10.9,Partly Cloudy,,,1.0,0.843,1.0,1.0,1.0,0.993,0.837
2024-03-09,5,Saturday,1,3,1,24.4,74.0,1.5,3.8,20.0,Cloudy,,,1.0,0.847,1.35,1.0,1.0,0.974,1.115
2024-03-10,6,Sunday,1,3,1,19.2,61.0,0.0,6.4,9.2,Partly Cloudy,,,1.0,0.852,1.35,1.0,1.0,0.995,1.145
2024-03-11,0,Monday,0,3,1,19.4,62.0,0.0,6.0,5.6,Partly Cloudy,,,1.0,0.856,1.0,1.0,1.0,0.992,0.85
2024-03-12,1,Tuesday,0,3,1,20.1,59.0,0.0,4.3,7.8,Overcast,,,1.0,0.861,1.0,1.0,1.0,0.978,0.842
2024-03-13,2,Wednesday,0,3,1,12.1,46.0,11.7,2.2,11.5,Rainy,,,1.0,0.866,1.0,1.0,0.78,0.962,0.649
2024-03-14,3,Thursday,0,3,1,20.2,64.0,8.6,4.1,7.9,Rainy,,,1.0,0.87,1.0,1.0,0.78,0.977,0.663
2024-03-15,4,Friday,0,3,1,19.1,71.0,0.0,9.1,6.8,Sunny,,,1.0,0.875,1.0,1.0,1.0,1.017,0.89
2024-03-16,5,Saturday,1,3,1,23.3,69.0,0.0,4.9,20.0,Overcast,,,1.0,0.88,1.35,1.0,1.0,0.983,1.167
2024-03-17,6,Sunday,1,3,1,24.5,63.0,0.0,6.6,10.5,Partly Cloudy,,,1.0,0.884,1.35,1.0,1.0,0.997,1.19
2024-03-18,0,Monday,0,3,1,14.5,62.0,0.0,6.5,13.1,Partly Cloudy,,,1.0,0.889,1.0,1.0,1.0,0.996,0.886
2024-03-19,1,Tuesday,0,3,1,16.9,69.0,0.0,3.3,5.1,Overcast,,,1.0,0.894,1.0,1.0,1.0,0.97,0.867
2024-03-20,2,Wednesday,0,3,1,21.6,61.0,0.0,5.2,22.8,Partly Cloudy,Independence Day,holiday,1.25,0.899,1.0,1.0,1.0,0.986,1.107
2024-03-21,3,Thursday,0,3,1,23.5,63.0,0.0,9.4,6.6,Sunny,,,1.0,0.904,1.0,1.0,1.0,1.019,0.921
2024-03-22,4,Friday,0,3,1,19.6,64.0,0.0,7.3,10.1,Partly Cloudy,,,1.0,0.909,1.0,1.0,1.0,1.002,0.911
2024-03-23,5,Saturday,1,3,1,25.1,72.0,0.0,5.2,27.5,Partly Cloudy,,,1.0,0.913,1.35,1.0,1.0,0.986,1.215
2024-03-24,6,Sunday,1,3,1,22.6,69.0,0.0,4.9,5.8,Overcast,,,1.0,0.918,1.35,1.0,1.0,0.983,1.219
2024-03-25,0,Monday,0,3,1,18.2,55.0,0.0,6.1,21.5,Partly Cloudy,,,1.0,0.923,1.0,1.0,1.0,0.993,0.917
2024-03-26,1,Tuesday,0,3,1,18.7,62.0,0.0,7.4,44.5,Partly Cloudy,,,1.0,0.928,1.0,1.0,1.0,1.003,0.931
2024-03-27,2,Wednesday,0,3,1,21.7,61.0,0.0,6.5,7.6,Partly Cloudy,,,1.0,0.933,1.0,1.0,1.0,0.996,0.93
2024-03-28,3,Thursday,0,3,1,22.1,53.0,0.0,5.9,25.0,Partly Cloudy,,,1.0,0.938,1.0,1.0,1.0,0.991,0.93
2024-03-29,4,Friday,0,3,1,22.0,50.0,0.0,10.0,8.6,Sunny,,,1.0,0.944,1.0,1.0,1.0,1.024,0.966
2024-03-30,5,Saturday,1,3,1,23.3,61.0,0.0,9.2,19.8,Sunny,,,1.0,0.949,1.35,1.0,1.0,1.018,1.303
2024-03-31,6,Sunday,1,3,1,21.3,53.0,0.0,7.5,14.1,Partly Cloudy,,,1.0,0.954,1.35,1.0,1.0,1.004,1.293
2024-04-01,0,Monday,0,4,2,21.7,47.0,0.0,7.5,24.7,Partly Cloudy,,,1.0,0.959,1.0,1.0,1.0,1.004,0.963
2024-04-02,1,Tuesday,0,4,2,20.7,86.0,0.0,5.0,5.5,Overcast,,,1.0,0.964,1.0,1.0,1.0,0.984,0.949
2024-04-03,2,Wednesday,0,4,2,21.3,52.0,0.0,7.3,43.8,Partly Cloudy,,,1.0,0.969,1.0,1.0,1.0,1.002,0.971
2024-04-04,3,Thursday,0,4,2,23.8,65.0,0.0,8.5,11.9,Partly Cloudy,,,1.0,0.974,1.0,1.0,1.0,1.012,0.986
2024-04-05,4,Friday,0,4,2,20.0,66.0,0.0,8.7,22.0,Partly Cloudy,,,1.0,0.979,1.0,1.0,1.0,1.014,0.993
2024-04-06,5,Saturday,1,4,2,22.4,64.0,0.0,6.3,8.4,Partly Cloudy,,,1.0,0.985,1.35,1.0,1.0,0.994,1.322
2024-04-07,6,Sunday,1,4,2,26.6,76.0,6.7,4.1,5.1,Rainy,,,1.0,0.99,1.35,1.0,0.78,0.977,1.018
2024-04-08,0,Monday,0,4,2,27.3,52.0,0.0,9.2,27.6,Sunny,,,1.0,0.995,1.0,1.0,1.0,1.018,1.012
2024-04-09,1,Tuesday,0,4,2,21.3,68.0,0.0,8.3,18.0,Partly Cloudy,,,1.0,1.0,1.0,1.0,1.0,1.01,1.01
2024-04-10,2,Wednesday,0,4,2,21.4,62.0,0.0,7.4,35.2,Partly Cloudy,Eid al-Fitr,holiday,1.5,1.005,1.0,1.0,1.0,1.003,1.513
2024-04-11,3,Thursday,0,4,2,21.0,79.0,0.0,8.9,41.2,Partly Cloudy,,,1.0,1.01,1.0,1.0,1.0,1.015,1.026
2024-04-12,4,Friday,0,4,2,23.5,47.0,0.0,10.1,8.5,Sunny,,,1.0,1.015,1.0,1.0,1.0,1.025,1.041
2024-04-13,5,Saturday,1,4,2,17.3,75.0,0.0,7.5,35.0,Partly Cloudy,,,1.0,1.021,1.35,1.0,1.0,1.004,1.383
2024-04-14,6,Sunday,1,4,2,21.5,66.0,0.0,7.2,5.5,Partly Cloudy,,,1.0,1.026,1.35,1.0,1.0,1.002,1.387
2024-04-15,0,Monday,0,4,2,22.2,73.0,0.0,6.4,15.4,Partly Cloudy,,,1.0,1.031,1.0,1.0,1.0,0.995,1.026
2024-04-16,1,Tuesday,0,4,2,29.5,82.0,0.0,8.9,10.2,Partly Cloudy,,,1.0,1.036,1.0,1.15,1.0,1.015,1.21
2024-04-17,2,Wednesday,0,4,2,23.1,76.0,0.0,8.3,7.7,Partly Cloudy,,,1.0,1.041,1.0,1.0,1.0,1.01,1.052
2024-04-18,3,Thursday,0,4,2,13.4,54.0,0.0,9.5,28.2,Sunny,,,1.0,1.046,1.0,1.0,1.0,1.02,1.067
2024-04-19,4,Friday,0,4,2,16.1,69.0,0.0,8.3,19.2,Partly Cloudy,,,1.0,1.051,1.0,1.0,1.0,1.01,1.062
2024-04-20,5,Saturday,1,4,2,26.9,74.0,0.0,10.8,30.0,Sunny,,,1.0,1.056,1.35,1.0,1.0,1.03,1.47
2024-04-21,6,Sunday,1,4,2,18.9,70.0,0.0,10.1,5.7,Sunny,,,1.0,1.062,1.35,1.0,1.0,1.025,1.469
2024-04-22,0,Monday,0,4,2,16.6,56.0,0.0,7.5,5.0,Partly Cloudy,,,1.0,1.067,1.0,1.0,1.0,1.004,1.071
2024-04-23,1,Tuesday,0,4,2,26.5,56.0,0.0,8.8,9.3,Partly Cloudy,,,1.0,1.072,1.0,1.0,1.0,1.014,1.087
2024-04-24,2,Wednesday,0,4,2,27.9,79.0,0.0,7.8,7.4,Partly Cloudy,,,1.0,1.077,1.0,1.0,1.0,1.006,1.083
2024-04-25,3,Thursday,0,4,2,27.0,65.0,0.0,11.5,18.0,Sunny,,,1.0,1.082,1.0,1.0,1.0,1.036,1.121
2024-04-26,4,Friday,0,4,2,19.6,69.0,0.0,8.2,7.2,Partly Cloudy,,,1.0,1.087,1.0,1.0,1.0,1.01,1.097
2024-04-27,5,Saturday,1,4,2,26.1,82.0,0.0,7.1,20.0,Partly Cloudy,,,1.0,1.091,1.35,1.0,1.0,1.001,1.475
2024-04-28,6,Sunday,1,4,2,27.4,64.0,0.0,9.9,13.5,Sunny,,,1.0,1.096,1.35,1.0,1.0,1.023,1.514
2024-04-29,0,Monday,0,4,2,26.9,67.0,0.0,11.2,12.4,Sunny,,,1.0,1.101,1.0,1.0,1.0,1.034,1.138
2024-04-30,1,Tuesday,0,4,2,28.2,71.0,0.0,10.3,28.7,Sunny,,,1.0,1.106,1.0,1.15,1.0,1.026,1.306
2024-05-01,2,Wednesday,0,5,2,27.8,63.0,0.0,7.7,51.1,Partly Cloudy,Labour Day,holiday,1.15,1.111,1.0,1.0,1.0,1.006,1.285
2024-05-02,3,Thursday,0,5,2,21.7,73.0,0.0,10.9,14.9,Sunny,,,1.0,1.116,1.0,1.0,1.0,1.031,1.151
2024-05-03,4,Friday,0,5,2,25.5,76.0,0.0,10.4,20.9,Sunny,,,1.0,1.12,1.0,1.0,1.0,1.027,1.151
2024-05-04,5,Saturday,1,5,2,24.0,66.0,0.0,9.7,5.1,Sunny,,,1.0,1.125,1.35,1.0,1.0,1.022,1.552
2024-05-05,6,Sunday,1,5,2,21.1,66.0,0.0,10.1,45.9,Sunny,,,1.0,1.13,1.35,1.0,1.0,1.025,1.563
2024-05-06,0,Monday,0,5,2,29.7,70.0,0.0,8.9,28.8,Partly Cloudy,,,1.0,1.134,1.0,1.15,1.0,1.015,1.324
2024-05-07,1,Tuesday,0,5,2,27.4,64.0,0.0,8.4,29.1,Partly Cloudy,,,1.0,1.139,1.0,1.0,1.0,1.011,1.152
2024-05-08,2,Wednesday,0,5,2,25.1,65.0,0.0,8.7,29.6,Partly Cloudy,,,1.0,1.144,1.0,1.0,1.0,1.014,1.159
2024-05-09,3,Thursday,0,5,2,29.2,76.0,0.0,11.7,26.5,Sunny,,,1.0,1.148,1.0,1.15,1.0,1.038,1.37
2024-05-10,4,Friday,0,5,2,32.0,66.0,0.0,10.3,9.1,Sunny,,,1.0,1.153,1.0,1.15,1.0,1.026,1.36
2024-05-11,5,Saturday,1,5,2,23.2,57.0,0.0,11.9,11.2,Sunny,,,1.0,1.157,1.35,1.0,1.0,1.039,1.623
2024-05-12,6,Sunday,1,5,2,23.7,65.0,0.0,7.6,9.8,Partly Cloudy,,,1.0,1.161,1.35,1.0,1.0,1.005,1.575
2024-05-13,0,Monday,0,5,2,25.9,65.0,0.0,12.3,17.0,Sunny,,,1.0,1.166,1.0,1.0,1.0,1.042,1.215
2024-05-14,1,Tuesday,0,5,2,29.9,67.0,0.0,8.3,6.3,Partly Cloudy,,,1.0,1.17,1.0,1.15,1.0,1.01,1.36
2024-05-15,2,Wednesday,0,5,2,23.7,61.0,0.0,8.3,47.4,Partly Cloudy,,,1.0,1.174,1.0,1.0,1.0,1.01,1.186
2024-05-16,3,Thursday,0,5,2,26.9,69.0,0.0,8.9,19.6,Partly Cloudy,,,1.0,1.178,1.0,1.0,1.0,1.015,1.196
2024-05-17,4,Friday,0,5,2,21.2,62.0,0.0,9.1,12.9,Sunny,,,1.0,1.183,1.0,1.0,1.0,1.017,1.202
2024-05-18,5,Saturday,1,5,2,24.8,62.0,0.0,8.9,46.5,Partly Cloudy,,,1.0,1.187,1.35,1.0,1.0,1.015,1.626
2024-05-19,6,Sunday,1,5,2,24.7,73.0,0.0,10.3,6.2,Sunny,,,1.0,1.191,1.35,1.0,1.0,1.026,1.65
2024-05-20,0,Monday,0,5,2,27.5,88.0,0.0,12.5,8.7,Sunny,,,1.0,1.195,1.0,1.0,1.0,1.044,1.247
2024-05-21,1,Tuesday,0,5,2,29.4,60.0,0.0,8.1,8.8,Partly Cloudy,,,1.0,1.198,1.0,1.15,1.0,1.009,1.39
2024-05-22,2,Wednesday,0,5,2,29.9,82.0,0.0,10.9,6.3,Sunny,,,1.0,1.202,1.0,1.15,1.0,1.031,1.426
2024-05-23,3,Thursday,0,5,2,28.8,75.0,0.0,13.1,18.7,Sunny,,,1.0,1.206,1.0,1.15,1.0,1.049,1.455
2024-05-24,4,Friday,0,5,2,29.4,70.0,0.0,10.5,8.5,Sunny,,,1.0,1.21,1.0,1.15,1.0,1.028,1.43
2024-05-25,5,Saturday,1,5,2,29.0,71.0,0.0,10.0,18.4,Sunny,,,1.0,1.213,1.35,1.15,1.0,1.024,1.929
2024-05-26,6,Sunday,1,5,2,28.6,72.0,0.0,10.4,21.6,Sunny,,,1.0,1.217,1.35,1.15,1.0,1.027,1.941
2024-05-27,0,Monday,0,5,2,27.0,81.0,0.0,13.2,5.1,Sunny,,,1.0,1.221,1.0,1.0,1.0,1.05,1.281
2024-05-28,1,Tuesday,0,5,2,25.9,90.0,0.0,12.8,8.3,Sunny,,,1.0,1.224,1.0,1.0,1.0,1.046,1.281
2024-05-29,2,Wednesday,0,5,2,26.0,75.0,0.0,11.3,5.2,Sunny,,,1.0,1.227,1.0,1.0,1.0,1.034,1.27
2024-05-30,3,Thursday,0,5,2,29.2,65.0,0.0,9.7,8.4,Sunny,,,1.0,1.231,1.0,1.15,1.0,1.022,1.446
2024-05-31,4,Friday,0,5,2,27.4,66.0,0.0,13.2,6.0,Sunny,,,1.0,1.234,1.0,1.0,1.0,1.05,1.295
2024-06-01,5,Saturday,1,6,2,30.6,78.0,0.0,11.5,14.4,Sunny,,,1.0,1.237,1.35,1.15,1.0,1.036,1.99
2024-06-02,6,Sunday,1,6,2,29.1,61.0,0.0,11.1,5.9,Sunny,,,1.0,1.24,1.35,1.15,1.0,1.033,1.989
2024-06-03,0,Monday,0,6,2,32.8,80.0,0.0,10.5,14.3,Sunny,,,1.0,1.243,1.0,1.15,1.0,1.028,1.47
2024-06-04,1,Tuesday,0,6,2,25.4,59.0,0.0,12.5,12.3,Sunny,,,1.0,1.246,1.0,1.0,1.0,1.044,1.301
2024-06-05,2,Wednesday,0,6,2,29.7,60.0,0.0,11.9,11.7,Sunny,,,1.0,1.249,1.0,1.15,1.0,1.039,1.493
2024-06-06,3,Thursday,0,6,2,33.8,66.0,0.0,10.2,5.3,Sunny,,,1.0,1.252,1.0,1.15,1.0,1.026,1.477
2024-06-07,4,Friday,0,6,2,22.5,74.0,0.0,8.0,13.1,Partly Cloudy,,,1.0,1.255,1.0,1.0,1.0,1.008,1.265
2024-06-08,5,Saturday,1,6,2,26.4,88.0,0.0,9.9,7.1,Sunny,,,1.0,1.258,1.35,1.0,1.0,1.023,1.737
2024-06-09,6,Sunday,1,6,2,26.4,82.0,0.0,11.4,18.9,Sunny,,,1.0,1.26,1.35,1.0,1.0,1.035,1.761
2024-06-10,0,Monday,0,6,2,26.9,68.0,0.0,11.1,14.2,Sunny,,,1.0,1.263,1.0,1.0,1.0,1.033,1.304
2024-06-11,1,Tuesday,0,6,2,22.9,60.0,0.0,9.0,23.7,Partly Cloudy,,,1.0,1.265,1.0,1.0,1.0,1.016,1.285
2024-06-12,2,Wednesday,0,6,2,29.6,71.0,0.0,9.3,13.5,Sunny,Carthage Festival Start,festival,1.4,1.268,1.0,1.15,1.0,1.018,2.078
2024-06-13,3,Thursday,0,6,2,23.9,72.0,0.0,9.7,13.4,Sunny,,,1.0,1.27,1.0,1.0,1.0,1.022,1.297
2024-06-14,4,Friday,0,6,2,29.1,71.0,0.0,11.2,21.6,Sunny,,,1.0,1.272,1.0,1.15,1.0,1.034,1.512
2024-06-15,5,Saturday,1,6,2,28.5,95.0,0.0,9.3,18.4,Sunny,,,1.0,1.274,1.35,1.15,1.0,1.018,2.015
2024-06-16,6,Sunday,1,6,2,29.7,65.0,0.0,11.2,7.1,Sunny,,,1.0,1.276,1.35,1.15,1.0,1.034,2.048
2024-06-17,0,Monday,0,6,2,33.2,67.0,0.0,9.1,8.0,Sunny,Eid al-Adha,holiday,1.55,1.278,1.0,1.15,1.0,1.017,2.317
2024-06-18,1,Tuesday,0,6,2,35.3,79.0,0.0,10.8,8.2,Sunny,,,1.0,1.28,1.0,1.15,1.0,1.03,1.517
2024-06-19,2,Wednesday,0,6,2,26.2,85.0,0.0,14.0,11.7,Sunny,,,1.0,1.282,1.0,1.0,1.0,1.056,1.354
2024-06-20,3,Thursday,0,6,2,33.6,78.0,0.0,11.0,11.4,Sunny,,,1.0,1.284,1.0,1.15,1.0,1.032,1.523
2024-06-21,4,Friday,0,6,2,24.1,78.0,0.0,12.4,6.5,Sunny,,,1.0,1.285,1.0,1.0,1.0,1.043,1.341
2024-06-22,5,Saturday,1,6,2,25.2,77.0,0.0,11.6,7.8,Sunny,,,1.0,1.287,1.35,1.0,1.0,1.037,1.801
2024-06-23,6,Sunday,1,6,2,25.6,83.0,0.0,10.6,13.5,Sunny,,,1.0,1.288,1.35,1.0,1.0,1.029,1.789
2024-06-24,0,Monday,0,6,2,27.1,74.0,0.0,10.9,14.9,Sunny,,,1.0,1.29,1.0,1.0,1.0,1.031,1.33
2024-06-25,1,Tuesday,0,6,2,25.7,89.0,0.0,12.5,5.1,Sunny,,,1.0,1.291,1.0,1.0,1.0,1.044,1.348
2024-06-26,2,Wednesday,0,6,2,28.8,92.0,0.0,11.5,13.0,Sunny,,,1.0,1.292,1.0,1.15,1.0,1.036,1.54
2024-06-27,3,Thursday,0,6,2,28.9,86.0,0.0,10.0,7.4,Sunny,,,1.0,1.293,1.0,1.15,1.0,1.024,1.523
2024-06-28,4,Friday,0,6,2,25.5,74.0,0.0,10.5,14.4,Sunny,,,1.0,1.294,1.0,1.0,1.0,1.028,1.331
2024-06-29,5,Saturday,1,6,2,30.7,69.0,0.0,11.3,24.5,Sunny,,,1.0,1.295,1.35,1.15,1.0,1.034,2.08
2024-06-30,6,Sunday,1,6,2,22.2,81.0,0.0,9.1,5.9,Sunny,,,1.0,1.296,1.35,1.0,1.0,1.017,1.779
2024-07-01,0,Monday,0,7,3,23.4,69.0,0.0,7.6,17.8,Partly Cloudy,,,1.0,1.297,1.0,1.0,1.0,1.005,1.303
2024-07-02,1,Tuesday,0,7,3,29.8,64.0,0.0,11.3,5.8,Sunny,,,1.0,1.298,1.0,1.15,1.0,1.034,1.544
2024-07-03,2,Wednesday,0,7,3,32.3,80.0,0.0,13.1,21.7,Sunny,,,1.0,1.298,1.0,1.15,1.0,1.049,1.566
2024-07-04,3,Thursday,0,7,3,28.0,89.0,0.0,12.5,21.3,Sunny,,,1.0,1.299,1.0,1.0,1.0,1.044,1.356
2024-07-05,4,Friday,0,7,3,32.3,71.0,0.0,10.1,21.6,Sunny,,,1.0,1.299,1.0,1.15,1.0,1.025,1.531
2024-07-06,5,Saturday,1,7,3,28.3,78.0,0.0,12.0,15.4,Sunny,,,1.0,1.3,1.35,1.15,1.0,1.04,2.098
2024-07-07,6,Sunday,1,7,3,28.6,65.0,0.0,11.4,20.1,Sunny,,,1.0,1.3,1.35,1.15,1.0,1.035,2.089
2024-07-08,0,Monday,0,7,3,25.0,68.0,0.0,9.7,11.6,Sunny,,,1.0,1.3,1.0,1.0,1.0,1.022,1.328
2024-07-09,1,Tuesday,0,7,3,25.5,75.0,0.0,12.1,6.0,Sunny,,,1.0,1.3,1.0,1.0,1.0,1.041,1.353
2024-07-10,2,Wednesday,0,7,3,24.8,90.0,0.0,12.4,8.8,Sunny,,,1.0,1.3,1.0,1.0,1.0,1.043,1.356
2024-07-11,3,Thursday,0,7,3,29.2,64.0,0.0,12.1,17.1,Sunny,,,1.0,1.3,1.0,1.15,1.0,1.041,1.556
2024-07-12,4,Friday,0,7,3,23.9,66.0,0.0,9.2,15.9,Sunny,,,1.0,1.3,1.0,1.0,1.0,1.018,1.323
2024-07-13,5,Saturday,1,7,3,29.4,83.0,0.0,8.8,23.1,Partly Cloudy,,,1.0,1.299,1.35,1.15,1.0,1.014,2.046
2024-07-14,6,Sunday,1,7,3,25.2,81.0,0.0,9.2,11.8,Sunny,,,1.0,1.299,1.35,1.0,1.0,1.018,1.785
2024-07-15,0,Monday,0,7,3,31.5,78.0,0.0,8.3,18.2,Partly Cloudy,,,1.0,1.299,1.0,1.15,1.0,1.01,1.509
2024-07-16,1,Tuesday,0,7,3,29.2,72.0,0.0,11.6,71.7,Sunny,,,1.0,1.298,1.0,1.15,1.0,1.037,1.548
2024-07-17,2,Wednesday,0,7,3,26.2,78.0,0.0,11.0,15.3,Sunny,,,1.0,1.297,1.0,1.0,1.0,1.032,1.339
2024-07-18,3,Thursday,0,7,3,29.3,81.0,0.0,10.4,6.7,Sunny,Carthage Festival Peak,festival,1.5,1.297,1.0,1.15,1.0,1.027,2.297
2024-07-19,4,Friday,0,7,3,25.5,74.0,0.0,10.3,15.0,Sunny,,,1.0,1.296,1.0,1.0,1.0,1.026,1.33
2024-07-20,5,Saturday,1,7,3,30.2,62.0,0.0,12.5,5.5,Sunny,,,1.0,1.295,1.35,1.15,1.0,1.044,2.099
2024-07-21,6,Sunday,1,7,3,28.7,79.0,0.0,12.1,16.8,Sunny,,,1.0,1.294,1.35,1.15,1.0,1.041,2.091
2024-07-22,0,Monday,0,7,3,27.5,85.0,0.0,13.0,10.9,Sunny,,,1.0,1.293,1.0,1.0,1.0,1.048,1.355
2024-07-23,1,Tuesday,0,7,3,25.2,80.0,0.0,8.2,36.8,Partly Cloudy,,,1.0,1.292,1.0,1.0,1.0,1.01,1.304
2024-07-24,2,Wednesday,0,7,3,27.7,54.0,0.0,12.0,20.1,Sunny,,,1.0,1.29,1.0,1.0,1.0,1.04,1.342
2024-07-25,3,Thursday,0,7,3,28.2,69.0,0.0,10.5,18.5,Sunny,Republic Day,holiday,1.3,1.289,1.0,1.15,1.0,1.028,1.981
2024-07-26,4,Friday,0,7,3,23.3,89.0,0.0,10.2,19.1,Sunny,,,1.0,1.288,1.0,1.0,1.0,1.026,1.321
2024-07-27,5,Saturday,1,7,3,22.5,85.0,0.0,12.2,7.0,Sunny,,,1.0,1.286,1.35,1.0,1.0,1.042,1.808
2024-07-28,6,Sunday,1,7,3,30.0,91.0,0.0,9.5,18.2,Sunny,,,1.0,1.285,1.35,1.15,1.0,1.02,2.034
2024-07-29,0,Monday,0,7,3,31.7,71.0,0.0,10.6,23.1,Sunny,,,1.0,1.283,1.0,1.15,1.0,1.029,1.518
2024-07-30,1,Tuesday,0,7,3,30.8,83.0,0.0,8.6,11.2,Partly Cloudy,,,1.0,1.281,1.0,1.15,1.0,1.013,1.492
2024-07-31,2,Wednesday,0,7,3,35.2,77.0,0.0,8.3,35.5,Partly Cloudy,,,1.0,1.279,1.0,1.15,1.0,1.01,1.486
2024-08-01,3,Thursday,0,8,3,31.2,90.0,0.0,8.8,16.2,Partly Cloudy,,,1.0,1.277,1.0,1.15,1.0,1.014,1.49
2024-08-02,4,Friday,0,8,3,25.4,63.0,0.0,10.9,31.1,Sunny,,,1.0,1.275,1.0,1.0,1.0,1.031,1.315
2024-08-03,5,Saturday,1,8,3,27.6,66.0,0.0,10.3,12.5,Sunny,Sousse Festival,festival,1.35,1.273,1.35,1.0,1.0,1.026,2.382
2024-08-04,6,Sunday,1,8,3,25.9,69.0,0.0,9.5,25.4,Sunny,,,1.0,1.271,1.35,1.0,1.0,1.02,1.75
2024-08-05,0,Monday,0,8,3,24.9,66.0,0.0,8.8,12.6,Partly Cloudy,,,1.0,1.269,1.0,1.0,1.0,1.014,1.287
2024-08-06,1,Tuesday,0,8,3,23.3,69.0,0.0,9.3,6.9,Sunny,,,1.0,1.266,1.0,1.0,1.0,1.018,1.29
2024-08-07,2,Wednesday,0,8,3,25.2,79.0,0.0,8.8,9.3,Partly Cloudy,,,1.0,1.264,1.0,1.0,1.0,1.014,1.282
2024-08-08,3,Thursday,0,8,3,28.4,69.0,0.0,9.1,10.3,Sunny,,,1.0,1.262,1.0,1.15,1.0,1.017,1.475
2024-08-09,4,Friday,0,8,3,23.8,75.0,0.0,9.0,10.0,Partly Cloudy,,,1.0,1.259,1.0,1.0,1.0,1.016,1.279
2024-08-10,5,Saturday,1,8,3,26.0,73.0,0.0,8.2,14.9,Partly Cloudy,,,1.0,1.256,1.35,1.0,1.0,1.01,1.712
2024-08-11,6,Sunday,1,8,3,23.8,76.0,0.0,7.7,16.7,Partly Cloudy,,,1.0,1.254,1.35,1.0,1.0,1.006,1.702
2024-08-12,0,Monday,0,8,3,24.9,72.0,0.0,6.7,12.4,Partly Cloudy,,,1.0,1.251,1.0,1.0,1.0,0.998,1.248
2024-08-13,1,Tuesday,0,8,3,27.4,68.0,0.0,7.6,20.5,Partly Cloudy,Women's Day,holiday,1.2,1.248,1.0,1.0,1.0,1.005,1.505
2024-08-14,2,Wednesday,0,8,3,17.6,91.0,0.0,10.5,28.8,Sunny,,,1.0,1.245,1.0,1.0,1.0,1.028,1.28
2024-08-15,3,Thursday,0,8,3,25.7,54.0,0.0,7.5,13.1,Partly Cloudy,,,1.0,1.242,1.0,1.0,1.0,1.004,1.247
2024-08-16,4,Friday,0,8,3,22.9,72.0,0.0,11.7,26.9,Sunny,,,1.0,1.239,1.0,1.0,1.0,1.038,1.285
2024-08-17,5,Saturday,1,8,3,27.1,69.0,0.0,8.3,22.2,Partly Cloudy,,,1.0,1.236,1.35,1.0,1.0,1.01,1.686
2024-08-18,6,Sunday,1,8,3,18.2,70.0,0.0,8.6,7.3,Partly Cloudy,,,1.0,1.232,1.35,1.0,1.0,1.013,1.685
2024-08-19,0,Monday,0,8,3,29.7,89.0,0.0,7.2,14.7,Partly Cloudy,,,1.0,1.229,1.0,1.15,1.0,1.002,1.416
2024-08-20,1,Tuesday,0,8,3,25.9,87.0,0.0,7.2,15.2,Partly Cloudy,,,1.0,1.226,1.0,1.0,1.0,1.002,1.228
2024-08-21,2,Wednesday,0,8,3,22.0,64.0,0.0,9.5,9.0,Sunny,,,1.0,1.222,1.0,1.0,1.0,1.02,1.247
2024-08-22,3,Thursday,0,8,3,22.4,61.0,0.0,9.2,24.2,Sunny,,,1.0,1.219,1.0,1.0,1.0,1.018,1.24
2024-08-23,4,Friday,0,8,3,21.4,70.0,0.0,9.4,7.3,Sunny,,,1.0,1.215,1.0,1.0,1.0,1.019,1.239
2024-08-24,5,Saturday,1,8,3,24.8,61.0,0.0,9.7,29.9,Sunny,,,1.0,1.212,1.35,1.0,1.0,1.022,1.671
2024-08-25,6,Sunday,1,8,3,20.8,63.0,0.0,9.1,16.8,Sunny,,,1.0,1.208,1.35,1.0,1.0,1.017,1.658
2024-08-26,0,Monday,0,8,3,24.3,65.0,0.0,9.3,10.2,Sunny,,,1.0,1.204,1.0,1.0,1.0,1.018,1.226
2024-08-27,1,Tuesday,0,8,3,22.9,63.0,0.0,7.5,33.7,Partly Cloudy,,,1.0,1.2,1.0,1.0,1.0,1.004,1.205
2024-08-28,2,Wednesday,0,8,3,20.7,49.0,0.0,5.3,7.0,Partly Cloudy,,,1.0,1.197,1.0,1.0,1.0,0.986,1.18
2024-08-29,3,Thursday,0,8,3,14.5,66.0,0.0,10.1,7.2,Sunny,,,1.0,1.193,1.0,1.0,1.0,1.025,1.222
2024-08-30,4,Friday,0,8,3,21.5,73.0,0.0,5.1,34.0,Partly Cloudy,,,1.0,1.189,1.0,1.0,1.0,0.985,1.171
2024-08-31,5,Saturday,1,8,3,24.0,95.0,0.0,8.3,11.9,Partly Cloudy,,,1.0,1.185,1.35,1.0,1.0,1.01,1.616
2024-09-01,6,Sunday,1,9,3,20.8,68.0,0.0,8.6,12.2,Partly Cloudy,,,1.0,1.18,1.35,1.0,1.0,1.013,1.614
2024-09-02,0,Monday,0,9,3,20.5,74.0,0.0,6.9,10.7,Partly Cloudy,,,1.0,1.176,1.0,1.0,1.0,0.999,1.175
2024-09-03,1,Tuesday,0,9,3,20.5,66.0,0.0,9.9,6.6,Sunny,,,1.0,1.172,1.0,1.0,1.0,1.023,1.199
2024-09-04,2,Wednesday,0,9,3,19.8,78.0,0.0,9.1,10.9,Sunny,,,1.0,1.168,1.0,1.0,1.0,1.017,1.187
2024-09-05,3,Thursday,0,9,3,22.2,71.0,0.0,9.9,8.2,Sunny,,,1.0,1.164,1.0,1.0,1.0,1.023,1.191
2024-09-06,4,Friday,0,9,3,21.1,70.0,0.0,8.6,8.7,Partly Cloudy,,,1.0,1.159,1.0,1.0,1.0,1.013,1.174
2024-09-07,5,Saturday,1,9,3,22.2,86.0,0.0,9.3,27.6,Sunny,,,1.0,1.155,1.35,1.0,1.0,1.018,1.588
2024-09-08,6,Sunday,1,9,3,18.8,80.0,0.0,9.2,16.7,Sunny,,,1.0,1.15,1.35,1.0,1.0,1.018,1.58
2024-09-09,0,Monday,0,9,3,24.4,64.0,0.0,7.3,8.6,Partly Cloudy,,,1.0,1.146,1.0,1.0,1.0,1.002,1.149
2024-09-10,1,Tuesday,0,9,3,24.2,65.0,0.0,6.9,36.7,Partly Cloudy,,,1.0,1.141,1.0,1.0,1.0,0.999,1.14
2024-09-11,2,Wednesday,0,9,3,17.6,73.0,0.0,5.8,46.3,Partly Cloudy,,,1.0,1.137,1.0,1.0,1.0,0.99,1.126
2024-09-12,3,Thursday,0,9,3,21.1,39.0,0.0,10.6,21.7,Sunny,,,1.0,1.132,1.0,1.0,1.0,1.029,1.165
2024-09-13,4,Friday,0,9,3,19.6,74.0,0.0,9.7,25.4,Sunny,,,1.0,1.128,1.0,1.0,1.0,1.022,1.152
2024-09-14,5,Saturday,1,9,3,17.8,87.0,0.0,6.9,19.1,Partly Cloudy,,,1.0,1.123,1.35,1.0,1.0,0.999,1.515
2024-09-15,6,Sunday,1,9,3,22.3,61.0,0.0,6.3,10.0,Partly Cloudy,,,1.0,1.118,1.35,1.0,1.0,0.994,1.501
2024-09-16,0,Monday,0,9,3,24.0,66.0,0.0,7.5,9.1,Partly Cloudy,,,1.0,1.113,1.0,1.0,1.0,1.004,1.118
2024-09-17,1,Tuesday,0,9,3,25.3,49.0,0.0,7.0,11.8,Partly Cloudy,,,1.0,1.109,1.0,1.0,1.0,1.0,1.109
2024-09-18,2,Wednesday,0,9,3,22.8,70.0,0.0,8.3,37.2,Partly Cloudy,,,1.0,1.104,1.0,1.0,1.0,1.01,1.115
2024-09-19,3,Thursday,0,9,3,23.7,71.0,0.0,8.9,32.4,Partly Cloudy,,,1.0,1.099,1.0,1.0,1.0,1.015,1.116
2024-09-20,4,Friday,0,9,3,14.8,59.0,14.0,3.4,15.3,Rainy,,,1.0,1.094,1.0,1.0,0.78,0.971,0.829
2024-09-21,5,Saturday,1,9,3,19.9,58.0,0.0,6.7,7.9,Partly Cloudy,,,1.0,1.089,1.35,1.0,1.0,0.998,1.467
2024-09-22,6,Sunday,1,9,3,20.0,61.0,0.0,6.9,14.1,Partly Cloudy,,,1.0,1.084,1.35,1.0,1.0,0.999,1.462
2024-09-23,0,Monday,0,9,3,18.7,50.0,0.0,7.6,25.5,Partly Cloudy,,,1.0,1.079,1.0,1.0,1.0,1.005,1.084
2024-09-24,1,Tuesday,0,9,3,19.0,72.0,0.0,6.0,8.1,Partly Cloudy,,,1.0,1.074,1.0,1.0,1.0,0.992,1.066
2024-09-25,2,Wednesday,0,9,3,24.8,53.0,0.0,7.5,10.3,Partly Cloudy,,,1.0,1.069,1.0,1.0,1.0,1.004,1.073
2024-09-26,3,Thursday,0,9,3,20.3,71.0,0.0,4.6,24.7,Overcast,,,1.0,1.064,1.0,1.0,1.0,0.981,1.044
2024-09-27,4,Friday,0,9,3,14.6,56.0,5.0,2.7,12.9,Cloudy,,,1.0,1.059,1.0,1.0,1.0,0.966,1.023
2024-09-28,5,Saturday,1,9,3,17.3,72.0,0.0,7.1,10.8,Partly Cloudy,,,1.0,1.054,1.35,1.0,1.0,1.001,1.424
2024-09-29,6,Sunday,1,9,3,19.9,48.0,0.0,5.7,6.5,Partly Cloudy,,,1.0,1.049,1.35,1.0,1.0,0.99,1.401
2024-09-30,0,Monday,0,9,3,19.0,71.0,0.0,6.2,11.3,Partly Cloudy,,,1.0,1.044,1.0,1.0,1.0,0.994,1.037
2024-10-01,1,Tuesday,0,10,4,16.8,71.0,0.0,4.7,14.9,Overcast,,,1.0,1.039,1.0,1.0,1.0,0.982,1.02
2024-10-02,2,Wednesday,0,10,4,17.1,68.0,0.0,6.5,38.5,Partly Cloudy,,,1.0,1.033,1.0,1.0,1.0,0.996,1.029
2024-10-03,3,Thursday,0,10,4,15.3,60.0,0.0,6.3,14.6,Partly Cloudy,,,1.0,1.028,1.0,1.0,1.0,0.994,1.023
2024-10-04,4,Friday,0,10,4,21.4,62.0,0.0,3.6,8.5,Overcast,,,1.0,1.023,1.0,1.0,1.0,0.973,0.995
2024-10-05,5,Saturday,1,10,4,21.9,63.0,0.0,4.7,18.5,Overcast,,,1.0,1.018,1.35,1.0,1.0,0.982,1.349
2024-10-06,6,Sunday,1,10,4,16.0,67.0,0.0,5.2,26.1,Partly Cloudy,,,1.0,1.013,1.35,1.0,1.0,0.986,1.348
2024-10-07,0,Monday,0,10,4,16.4,64.0,0.0,5.0,30.4,Overcast,,,1.0,1.008,1.0,1.0,1.0,0.984,0.992
2024-10-08,1,Tuesday,0,10,4,12.8,68.0,0.0,6.2,37.7,Partly Cloudy,,,1.0,1.003,1.0,1.0,1.0,0.994,0.996
2024-10-09,2,Wednesday,0,10,4,16.5,67.0,0.0,6.7,11.2,Partly Cloudy,,,1.0,0.997,1.0,1.0,1.0,0.998,0.995
2024-10-10,3,Thursday,0,10,4,17.7,81.0,0.0,8.0,25.9,Partly Cloudy,,,1.0,0.992,1.0,1.0,1.0,1.008,1.0
2024-10-11,4,Friday,0,10,4,15.5,67.0,0.0,5.1,27.3,Partly Cloudy,,,1.0,0.987,1.0,1.0,1.0,0.985,0.972
2024-10-12,5,Saturday,1,10,4,11.0,53.0,0.0,6.4,12.9,Partly Cloudy,,,1.0,0.982,1.35,0.9,1.0,0.995,1.187
2024-10-13,6,Sunday,1,10,4,15.3,45.0,0.0,5.6,9.7,Partly Cloudy,,,1.0,0.977,1.35,1.0,1.0,0.989,1.304
2024-10-14,0,Monday,0,10,4,16.3,68.0,0.0,7.3,24.6,Partly Cloudy,,,1.0,0.972,1.0,1.0,1.0,1.002,0.974
2024-10-15,1,Tuesday,0,10,4,12.9,63.0,0.0,6.1,8.7,Partly Cloudy,Evacuation Day,holiday,1.15,0.967,1.0,1.0,1.0,0.993,1.103
2024-10-16,2,Wednesday,0,10,4,21.3,74.0,0.0,5.8,8.0,Partly Cloudy,,,1.0,0.961,1.0,1.0,1.0,0.99,0.952
2024-10-17,3,Thursday,0,10,4,12.8,68.0,0.0,2.3,7.1,Overcast,,,1.0,0.956,1.0,1.0,1.0,0.962,0.92
2024-10-18,4,Friday,0,10,4,15.2,51.0,0.0,3.8,5.2,Overcast,,,1.0,0.951,1.0,1.0,1.0,0.974,0.927
2024-10-19,5,Saturday,1,10,4,15.3,74.0,2.1,3.7,5.3,Cloudy,,,1.0,0.946,1.35,1.0,1.0,0.974,1.243
2024-10-20,6,Sunday,1,10,4,14.8,58.0,0.0,4.7,5.6,Overcast,,,1.0,0.941,1.35,1.0,1.0,0.982,1.247
2024-10-21,0,Monday,0,10,4,18.0,64.0,0.0,4.1,5.3,Overcast,,,1.0,0.936,1.0,1.0,1.0,0.977,0.914
2024-10-22,1,Tuesday,0,10,4,15.1,63.0,0.0,4.7,15.7,Overcast,,,1.0,0.931,1.0,1.0,1.0,0.982,0.914
2024-10-23,2,Wednesday,0,10,4,15.4,66.0,0.0,4.7,8.9,Overcast,,,1.0,0.926,1.0,1.0,1.0,0.982,0.909
2024-10-24,3,Thursday,0,10,4,12.4,72.0,0.0,6.0,5.6,Partly Cloudy,,,1.0,0.921,1.0,1.0,1.0,0.992,0.914
2024-10-25,4,Friday,0,10,4,8.9,74.0,0.0,4.2,8.0,Overcast,,,1.0,0.916,1.0,0.9,1.0,0.978,0.806
2024-10-26,5,Saturday,1,10,4,17.1,57.0,0.0,4.4,9.9,Overcast,,,1.0,0.911,1.35,1.0,1.0,0.979,1.204
2024-10-27,6,Sunday,1,10,4,12.4,69.0,5.4,1.7,12.0,Rainy,,,1.0,0.906,1.35,1.0,0.78,0.958,0.914
2024-10-28,0,Monday,0,10,4,11.9,45.0,0.0,4.9,24.6,Overcast,,,1.0,0.901,1.0,0.9,1.0,0.983,0.797
2024-10-29,1,Tuesday,0,10,4,11.3,55.0,2.5,2.6,10.4,Cloudy,,,1.0,0.896,1.0,0.9,1.0,0.965,0.778
2024-10-30,2,Wednesday,0,10,4,19.9,53.0,0.3,3.4,7.6,Cloudy,,,1.0,0.891,1.0,1.0,1.0,0.971,0.866
2024-10-31,3,Thursday,0,10,4,12.1,48.0,0.0,5.5,32.1,Partly Cloudy,,,1.0,0.887,1.0,1.0,1.0,0.988,0.876
2024-11-01,4,Friday,0,11,4,11.5,54.0,0.0,5.4,26.0,Partly Cloudy,,,1.0,0.882,1.0,0.9,1.0,0.987,0.784
2024-11-02,5,Saturday,1,11,4,11.0,71.0,0.0,5.0,7.0,Overcast,,,1.0,0.877,1.35,0.9,1.0,0.984,1.049
2024-11-03,6,Sunday,1,11,4,12.0,74.0,0.0,3.6,63.8,Overcast,,,1.0,0.872,1.35,1.0,1.0,0.973,1.146
2024-11-04,0,Monday,0,11,4,13.6,70.0,0.0,6.9,9.1,Partly Cloudy,,,1.0,0.868,1.0,1.0,1.0,0.999,0.867
2024-11-05,1,Tuesday,0,11,4,21.0,54.0,0.0,1.3,15.0,Overcast,,,1.0,0.863,1.0,1.0,1.0,0.954,0.824
2024-11-06,2,Wednesday,0,11,4,11.7,57.0,0.0,4.7,19.0,Overcast,,,1.0,0.859,1.0,0.9,1.0,0.982,0.759
2024-11-07,3,Thursday,0,11,4,14.6,73.0,0.0,5.0,8.5,Overcast,,,1.0,0.854,1.0,1.0,1.0,0.984,0.84
2024-11-08,4,Friday,0,11,4,11.7,69.0,0.0,4.6,18.5,Overcast,,,1.0,0.85,1.0,0.9,1.0,0.981,0.75
2024-11-09,5,Saturday,1,11,4,18.8,75.0,0.0,1.3,8.9,Overcast,,,1.0,0.845,1.35,1.0,1.0,0.954,1.089
2024-11-10,6,Sunday,1,11,4,19.2,52.0,0.0,4.9,8.2,Overcast,,,1.0,0.841,1.35,1.0,1.0,0.983,1.116
2024-11-11,0,Monday,0,11,4,17.7,66.0,0.5,2.1,27.7,Cloudy,,,1.0,0.836,1.0,1.0,1.0,0.961,0.804
2024-11-12,1,Tuesday,0,11,4,10.6,57.0,0.0,0.6,9.8,Overcast,,,1.0,0.832,1.0,0.9,1.0,0.949,0.711
2024-11-13,2,Wednesday,0,11,4,12.5,59.0,2.4,1.9,11.7,Cloudy,,,1.0,0.828,1.0,1.0,1.0,0.959,0.794
2024-11-14,3,Thursday,0,11,4,12.6,46.0,0.0,4.0,18.1,Overcast,,,1.0,0.824,1.0,1.0,1.0,0.976,0.804
2024-11-15,4,Friday,0,11,4,13.9,68.0,0.0,2.5,6.1,Overcast,,,1.0,0.82,1.0,1.0,1.0,0.964,0.79
2024-11-16,5,Saturday,1,11,4,13.2,42.0,0.0,5.2,11.3,Partly Cloudy,,,1.0,0.815,1.35,1.0,1.0,0.986,1.085
2024-11-17,6,Sunday,1,11,4,14.5,51.0,0.0,6.4,32.7,Partly Cloudy,,,1.0,0.811,1.35,1.0,1.0,0.995,1.09
2024-11-18,0,Monday,0,11,4,13.8,65.0,0.0,5.1,40.0,Partly Cloudy,,,1.0,0.807,1.0,1.0,1.0,0.985,0.795
2024-11-19,1,Tuesday,0,11,4,10.4,51.0,0.0,5.3,5.2,Partly Cloudy,,,1.0,0.803,1.0,0.9,1.0,0.986,0.713
2024-11-20,2,Wednesday,0,11,4,18.2,49.0,0.0,5.2,14.8,Partly Cloudy,,,1.0,0.8,1.0,1.0,1.0,0.986,0.788
2024-11-21,3,Thursday,0,11,4,10.3,54.0,14.2,1.9,6.3,Rainy,,,1.0,0.796,1.0,0.9,0.78,0.959,0.536
2024-11-22,4,Friday,0,11,4,14.8,73.0,0.0,2.4,6.5,Overcast,,,1.0,0.792,1.0,1.0,1.0,0.963,0.763
2024-11-23,5,Saturday,1,11,4,8.9,50.0,6.2,2.1,6.1,Rainy,,,1.0,0.788,1.35,0.9,0.78,0.961,0.718
2024-11-24,6,Sunday,1,11,4,21.0,36.0,0.0,4.7,10.9,Overcast,,,1.0,0.785,1.35,1.0,1.0,0.982,1.04
2024-11-25,0,Monday,0,11,4,11.7,56.0,0.0,3.3,14.1,Overcast,,,1.0,0.781,1.0,0.9,1.0,0.97,0.682
2024-11-26,1,Tuesday,0,11,4,13.4,70.0,0.0,3.8,9.4,Overcast,,,1.0,0.778,1.0,1.0,1.0,0.974,0.758
2024-11-27,2,Wednesday,0,11,4,17.6,48.0,0.0,2.1,17.0,Overcast,,,1.0,0.774,1.0,1.0,1.0,0.961,0.744
2024-11-28,3,Thursday,0,11,4,11.3,60.0,0.0,1.7,19.5,Overcast,,,1.0,0.771,1.0,0.9,1.0,0.958,0.664
2024-11-29,4,Friday,0,11,4,14.1,61.0,0.0,4.3,7.5,Overcast,,,1.0,0.768,1.0,1.0,1.0,0.978,0.751
2024-11-30,5,Saturday,1,11,4,16.7,78.0,0.0,1.7,7.6,Overcast,,,1.0,0.764,1.35,1.0,1.0,0.958,0.988
2024-12-01,6,Sunday,1,12,4,12.2,47.0,0.0,1.9,5.7,Overcast,,,1.0,0.761,1.35,1.0,1.0,0.959,0.986
2024-12-02,0,Monday,0,12,4,12.6,59.0,0.0,1.8,8.2,Overcast,,,1.0,0.758,1.0,1.0,1.0,0.958,0.727
2024-12-03,1,Tuesday,0,12,4,15.6,62.0,5.5,0.8,9.4,Rainy,,,1.0,0.755,1.0,1.0,0.78,0.95,0.56
2024-12-04,2,Wednesday,0,12,4,14.8,65.0,0.0,3.5,15.5,Overcast,,,1.0,0.752,1.0,1.0,1.0,0.972,0.731
2024-12-05,3,Thursday,0,12,4,9.8,70.0,0.0,1.1,19.5,Overcast,,,1.0,0.749,1.0,0.9,1.0,0.953,0.642
2024-12-06,4,Friday,0,12,4,11.7,36.0,0.0,4.3,5.3,Overcast,,,1.0,0.746,1.0,0.9,1.0,0.978,0.657
2024-12-07,5,Saturday,1,12,4,11.0,55.0,0.0,1.5,18.5,Overcast,,,1.0,0.744,1.35,0.9,1.0,0.956,0.864
2024-12-08,6,Sunday,1,12,4,15.8,71.0,0.0,2.2,11.4,Overcast,,,1.0,0.741,1.35,1.0,1.0,0.962,0.962
2024-12-09,0,Monday,0,12,4,12.8,46.0,0.0,2.2,10.0,Overcast,,,1.0,0.738,1.0,1.0,1.0,0.962,0.71
2024-12-10,1,Tuesday,0,12,4,11.6,44.0,0.0,3.1,78.2,Overcast,,,1.0,0.736,1.0,0.9,1.0,0.969,0.642
2024-12-11,2,Wednesday,0,12,4,5.9,49.0,0.0,0.3,17.9,Overcast,,,1.0,0.734,1.0,0.9,1.0,0.946,0.625
2024-12-12,3,Thursday,0,12,4,8.0,76.0,13.4,0.9,38.9,Rainy,,,1.0,0.731,1.0,0.9,0.78,0.951,0.488
2024-12-13,4,Friday,0,12,4,13.2,57.0,5.2,2.6,11.2,Rainy,,,1.0,0.729,1.0,1.0,0.78,0.965,0.549
2024-12-14,5,Saturday,1,12,4,17.4,48.0,0.0,2.5,7.1,Overcast,,,1.0,0.727,1.35,1.0,1.0,0.964,0.946
2024-12-15,6,Sunday,1,12,4,9.5,63.0,6.4,2.3,15.3,Rainy,,,1.0,0.725,1.35,0.9,0.78,0.962,0.661
2024-12-16,0,Monday,0,12,4,12.8,67.0,0.0,2.2,6.0,Overcast,,,1.0,0.723,1.0,1.0,1.0,0.962,0.695
2024-12-17,1,Tuesday,0,12,4,14.6,57.0,0.0,1.8,7.0,Overcast,,,1.0,0.721,1.0,1.0,1.0,0.958,0.691
2024-12-18,2,Wednesday,0,12,4,10.7,75.0,22.4,0.5,21.9,Rainy,,,1.0,0.719,1.0,0.9,0.78,0.948,0.478
2024-12-19,3,Thursday,0,12,4,15.6,59.0,5.2,2.3,23.4,Rainy,,,1.0,0.717,1.0,1.0,0.78,0.962,0.538
2024-12-20,4,Friday,0,12,4,13.3,57.0,16.6,1.4,47.5,Rainy,,,1.0,0.715,1.0,1.0,0.78,0.955,0.533
2024-12-21,5,Saturday,1,12,4,13.7,47.0,4.2,3.5,38.0,Cloudy,,,1.0,0.714,1.35,1.0,1.0,0.972,0.937
2024-12-22,6,Sunday,1,12,4,13.6,53.0,0.0,6.1,41.1,Partly Cloudy,,,1.0,0.712,1.35,1.0,1.0,0.993,0.955
2024-12-23,0,Monday,0,12,4,10.0,51.0,0.0,1.1,5.7,Overcast,,,1.0,0.711,1.0,0.9,1.0,0.953,0.61
2024-12-24,1,Tuesday,0,12,4,16.6,64.0,0.0,3.3,7.9,Overcast,Christmas Eve,event,1.4,0.71,1.0,1.0,1.0,0.97,0.964
2024-12-25,2,Wednesday,0,12,4,10.2,55.0,0.0,3.5,10.2,Overcast,,,1.0,0.708,1.0,0.9,1.0,0.972,0.62
2024-12-26,3,Thursday,0,12,4,15.7,58.0,0.0,5.1,17.0,Partly Cloudy,,,1.0,0.707,1.0,1.0,1.0,0.985,0.696
2024-12-27,4,Friday,0,12,4,13.5,69.0,0.0,3.1,16.1,Overcast,,,1.0,0.706,1.0,1.0,1.0,0.969,0.684
2024-12-28,5,Saturday,1,12,4,13.8,61.0,0.0,1.1,7.5,Overcast,,,1.0,0.705,1.35,1.0,1.0,0.953,0.907
2024-12-29,6,Sunday,1,12,4,12.6,49.0,0.0,0.7,18.2,Overcast,,,1.0,0.704,1.35,1.0,1.0,0.95,0.903
2024-12-30,0,Monday,0,12,4,12.5,54.0,1.6,0.9,7.7,Cloudy,,,1.0,0.703,1.0,1.0,1.0,0.951,0.669
2024-12-31,1,Tuesday,0,12,4,10.6,54.0,0.0,0.0,10.8,Overcast,New Year Eve,event,1.65,0.703,1.0,0.9,1.0,0.944,0.985
